quarter,usd_per_AUD,usd_per_CNY,usd_per_DKK,usd_per_GBP,usd_per_JPY,usd_per_EUR,dkk_per_AUD,dkk_per_CNY,dkk_per_GBP,dkk_per_JPY,dkk_per_USD,dkk_per_EUR,n_days
2019Q1,0.712362,0.148214,0.152173,1.302003,0.009081,1.135771,4.681268,0.974029,8.556578,0.059673,6.571707,7.463671,63
2019Q2,0.699682,0.146489,0.150499,1.284836,0.009102,1.1237,4.649147,0.973393,8.537462,0.060482,6.644819,7.466511,62
2019Q3,0.685782,0.142576,0.148992,1.23281,0.00932,1.111942,4.602808,0.956913,8.274721,0.062557,6.712352,7.463098,66
2019Q4,0.683239,0.141918,0.148186,1.286624,0.009202,1.107106,4.610607,0.957714,8.682012,0.062098,6.7485,7.471044,64
2020Q1,0.65821,0.143285,0.147581,1.280038,0.009182,1.102661,4.459709,0.971011,8.673479,0.06222,6.777262,7.47153,64
2020Q2,0.657979,0.141064,0.147684,1.241153,0.009302,1.101413,4.453788,0.955468,8.405705,0.063008,6.773324,7.457939,62
2020Q3,0.715118,0.14457,0.15701,1.291644,0.009423,1.168911,4.554761,0.920936,8.226577,0.060026,6.371124,7.444833,66
2020Q4,0.731199,0.150989,0.160269,1.320584,0.009573,1.192898,4.561768,0.942182,8.240014,0.05974,6.241066,7.443135,65
2021Q1,0.772533,0.154306,0.162003,1.378844,0.009429,1.204848,4.768976,0.952572,8.512558,0.058199,6.173539,7.437179,63
2021Q2,0.770233,0.154913,0.162153,1.398774,0.00914,1.205844,4.750111,0.955389,8.62635,0.056372,6.167665,7.436459,63
2021Q3,0.734832,0.154576,0.15851,1.378297,0.009084,1.178798,4.635755,0.975208,8.695309,0.057312,6.308932,7.436736,66
2021Q4,0.728914,0.156438,0.153746,1.348727,0.008796,1.143526,4.740833,1.017702,8.772463,0.057219,6.505252,7.43772,66
2022Q1,0.724403,0.157516,0.150749,1.341091,0.0086,1.121684,4.807177,1.045129,8.896334,0.057049,6.635017,7.440722,64
2022Q2,0.71422,0.151194,0.143106,1.255078,0.007707,1.064652,4.990036,1.056494,8.769268,0.053851,6.989544,7.439625,63
2022Q3,0.683401,0.145987,0.135353,1.176555,0.007239,1.006961,5.048994,1.078562,8.690594,0.053476,7.39033,7.43947,66
2022Q4,0.6568,0.140577,0.137196,1.173586,0.007078,1.020519,4.788214,1.025343,8.553972,0.05158,7.297037,7.438444,64
2023Q1,0.683635,0.14615,0.144166,1.215092,0.007559,1.073006,4.741884,1.013805,8.428464,0.05243,6.937281,7.442877,65
2023Q2,0.668315,0.142453,0.146137,1.252386,0.007275,1.088679,4.573418,0.974802,8.570506,0.049783,6.84357,7.449727,62
2023Q3,0.654734,0.138022,0.146038,1.266176,0.006922,1.088438,4.483149,0.945265,8.67008,0.047399,6.84939,7.453142,65
2023Q4,0.65011,0.138339,0.144152,1.240166,0.006758,1.075103,4.509469,0.959775,8.603105,0.046882,6.939011,7.458162,63
2024Q1,0.65765,0.139118,0.145621,1.268053,0.006739,1.085787,4.516107,0.955365,8.707997,0.046276,6.867379,7.456265,63
2024Q2,0.659293,0.138086,0.144336,1.262274,0.006419,1.076717,4.567743,0.956742,8.745412,0.044473,6.928608,7.459792,63
2024Q3,0.669694,0.13956,0.147218,1.299836,0.00671,1.098345,4.549113,0.948003,8.829111,0.045562,6.793642,7.460682,66
2024Q4,0.653752,0.139153,0.143204,1.283131,0.006572,1.068138,4.564694,0.971832,8.960716,0.045895,6.985578,7.458833,64
2025Q1,0.627415,0.137462,0.141066,1.259201,0.006559,1.052341,4.449122,0.974814,8.926563,0.046501,7.091953,7.459943,63
2025Q2,0.640875,0.13832,0.151955,1.33557,0.006922,1.133803,4.217762,0.910476,8.789645,0.045559,6.582829,7.461452,62
2025Q3,0.654109,0.139725,0.156506,1.348392,0.00678,1.168086,4.179449,0.892807,8.615619,0.043323,6.38985,7.463533,66
2025Q4,0.656237,0.141023,0.155776,1.329199,0.006493,1.163417,4.212641,0.905312,8.532657,0.041684,6.419767,7.468533,64
2026Q1,0.69518,0.144425,0.156646,1.347851,0.006374,1.170262,4.4383,0.922123,8.604609,0.040693,6.384689,7.470741,63
2026Q2,0.710024,0.147022,0.155604,1.342579,0.006275,1.162884,4.562946,0.944956,8.628357,0.040325,6.427242,7.473382,62
2026Q3,0.706343,0.148309,0.154002,1.34491,0.006276,1.151206,4.586484,0.963081,8.73316,0.04075,6.493882,7.475281,63
