quarter,source,shipments_m,yoy_pct,release_date,url,quote,revised,table_total_m,table_prior_year_m,archive_url,notes
2019Q1,Gartner,58.5,-4.6,2019-04-10,https://www.gartner.com/en/newsroom/press-releases/2019-04-10-gartner-says-worldwide-pc-shipments-declined-4-6-perc,"Worldwide PC shipments totaled 58.5 million units in the first quarter of 2019, a 4.6 percent decline from the first quarter of 2018, according to preliminary results by Gartner, Inc.",no,58.523,61.375,https://web.archive.org/web/20190417100641/https://www.gartner.com/en/newsroom/press-releases/2019-04-10-gartner-says-worldwide-pc-shipments-declined-4-6-perc,"Gartner def v1: desk-based PCs, notebook PCs and ultramobile premiums (e.g. Surface); excludes Chromebooks and iPads; incl. Chromebooks the decline would be 3.5%"
2019Q1,IDC,58.5,-3.0,2019-04-10,https://www.businesswire.com/news/home/20190410005814/en/,"declined 3.0% year over year in the first quarter of 2019 (1Q19) ... Global shipments were above expectations, reaching 58.5 million during the quarter.",no,58.484,60.304,https://web.archive.org/web/20190412161202/https://www.businesswire.com/news/home/20190410005814/en/,"IDC traditional PCs = desktops, notebooks, workstations; excl. tablets and x86 servers"
2019Q2,Gartner,63.0,1.5,2019-07-11,https://www.gartner.com/en/newsroom/press-releases/2019-07-11-gartner-says-worldwide-pc-shipments-grew-1point5percent-in-second-quarter-of-2019,"the worldwide PC market grew 1.5% in the second quarter of 2019, according to preliminary results by Gartner, Inc. Shipments totaled 63 million units in the second quarter of 2019",no,62.974,62.04,https://web.archive.org/web/20190712220210/https://www.gartner.com/en/newsroom/press-releases/2019-07-11-gartner-says-worldwide-pc-shipments-grew-1point5percent-in-second-quarter-of-2019,"Gartner def v1: desk-based PCs, notebook PCs and ultramobile premiums (e.g. Surface); excludes Chromebooks and iPads; headline units rounded (table 62.974m)"
2019Q2,IDC,64.9,4.7,2019-07-11,https://www.businesswire.com/news/home/20190711005853/en/,"Preliminary results for the global traditional PC market, inclusive of desktops, notebooks, and workstations, totaled 64.9 million units in the second quarter of 2019 (2Q19) ... Year-over-year growth during the quarter reached 4.7%",no,64.858,61.931,https://web.archive.org/web/20190712012043/https://www.businesswire.com/news/home/20190711005853/en/,"IDC traditional PCs = desktops, notebooks, workstations; excl. tablets and x86 servers; release headlined on the wider personal computing device market; traditional-PC figure used"
2019Q3,Gartner,68.0,1.1,2019-10-10,https://www.gartner.com/en/newsroom/press-releases/2019-10-10-gartner-says-worldwide-pc-shipments-grew-1point1-percent-in-third-quarter-of-2019,"Worldwide PC shipments showed a modest increase with 1.1% growth in the third quarter of 2019, according to preliminary results by Gartner, Inc. Shipments totaled 68 million units in the third quarter of 2019",no,68.115,67.359,https://web.archive.org/web/20191014023542/https://www.gartner.com/en/newsroom/press-releases/2019-10-10-gartner-says-worldwide-pc-shipments-grew-1point1-percent-in-third-quarter-of-2019,"Gartner def v1: desk-based PCs, notebook PCs and ultramobile premiums (e.g. Surface); excludes Chromebooks and iPads; headline units rounded (table 68.115m)"
2019Q3,IDC,70.4,3.0,2019-10-10,https://www.businesswire.com/news/home/20191010005780/en/,"Worldwide shipments of traditional PCs, comprised of desktops, notebooks, and workstations, reached 70.4 million units in the third quarter of 2019 (3Q19) ... shipments increasing by 3% over the third quarter of 2018",no,70.4,68.4,https://web.archive.org/web/20191011020738/https://www.businesswire.com/news/home/20191010005780/en/,"IDC traditional PCs = desktops, notebooks, workstations; excl. tablets and x86 servers"
2019Q4,Gartner,70.6,2.3,2020-01-13,https://www.gartner.com/en/newsroom/press-releases/2020-01-13-gartner-says-worldwide-pc-shipments-grew-2-point-3-percent-in-4q19-and-point-6-percent-for-the-year,"Worldwide PC shipments totaled 70.6 million units in the fourth quarter of 2019, a 2.3% increase from the fourth quarter of 2018, according to preliminary results by Gartner, Inc.",no,70.612,69.014,https://web.archive.org/web/20200114210306/https://www.gartner.com/en/newsroom/press-releases/2020-01-13-gartner-says-worldwide-pc-shipments-grew-2-point-3-percent-in-4q19-and-point-6-percent-for-the-year,"Gartner def v1: desk-based PCs, notebook PCs and ultramobile premiums (e.g. Surface); excludes Chromebooks and iPads"
2019Q4,IDC,71.8,4.8,2020-01-13,https://www.businesswire.com/news/home/20200113005898/en/,finished an impressive 2019 with fourth quarter growth of 4.8% year over year ... Global shipments during the quarter beat forecast expectations at just under 71.8 million units,no,71.78,68.514,https://web.archive.org/web/20200613193624/https://www.businesswire.com/news/home/20200113005898/en/,"IDC traditional PCs = desktops, notebooks, workstations; excl. tablets and x86 servers"
2020Q1,Gartner,51.6,-12.3,2020-04-13,https://www.gartner.com/en/newsroom/press-releases/2020-04-13-gartner-says-worldwide-pc-shipments-declined-12-point-3-percent-in-the-first-quarter-of-2020-due-to-coronavirus-pandemic,"Worldwide PC shipments totaled 51.6 million units in the first quarter of 2020, a 12.3% decline from the first quarter of 2019, according to preliminary results by Gartner, Inc.",no,51.637,58.86,https://web.archive.org/web/20200414112522/https://www.gartner.com/en/newsroom/press-releases/2020-04-13-gartner-says-worldwide-pc-shipments-declined-12-point-3-percent-in-the-first-quarter-of-2020-due-to-coronavirus-pandemic,"Gartner def v1: desk-based PCs, notebook PCs and ultramobile premiums (e.g. Surface); excludes Chromebooks and iPads"
2020Q1,IDC,53.2,-9.8,2020-04-13,https://www.businesswire.com/news/home/20200413005417/en/,"declined 9.8% year over year in the first quarter of 2020 (1Q20), reaching a total of 53.2 million shipments according to preliminary results",no,53.238,59.013,https://web.archive.org/web/20200419025926/https://www.businesswire.com/news/home/20200413005417/en/,"IDC traditional PCs = desktops, notebooks, workstations; excl. tablets and x86 servers"
2020Q2,Gartner,64.8,2.8,2020-07-09,https://www.gartner.com/en/newsroom/press-releases/2020-07-09-gartner-says-worldwide-pc-shipments-grew-2point8-percent-in-second-quarter-of-2020,"Worldwide PC shipments totaled 64.8 million units in the second quarter of 2020, a 2.8% increase from the second quarter of 2019, according to preliminary results by Gartner, Inc.",no,64.808,63.047,https://web.archive.org/web/20200710033610/https://www.gartner.com/en/newsroom/press-releases/2020-07-09-gartner-says-worldwide-pc-shipments-grew-2point8-percent-in-second-quarter-of-2020,"Gartner def v1: desk-based PCs, notebook PCs and ultramobile premiums (e.g. Surface); excludes Chromebooks and iPads"
2020Q2,IDC,72.3,11.2,2020-07-09,https://www.businesswire.com/news/home/20200709005963/en/,"with global shipments growing 11.2% year over year reaching a total of 72.3 million units, according to preliminary results",no,72.261,65.003,https://web.archive.org/web/20200918145939/https://www.businesswire.com/news/home/20200709005963/en/,"IDC traditional PCs = desktops, notebooks, workstations; excl. tablets and x86 servers"
2020Q3,Gartner,71.4,3.6,2020-10-12,https://www.gartner.com/en/newsroom/press-releases/2020-10-12-gartner-says-worldwide-pc-shipments-grew-3-point-six-percent-in-the-third-quarter-of-2020,"Worldwide PC shipments totaled 71.4 million units in the third quarter of 2020, a 3.6% increase from the third quarter of 2019, according to preliminary results by Gartner, Inc.",no,71.377,68.869,https://web.archive.org/web/20201013101012/https://www.gartner.com/en/newsroom/press-releases/2020-10-12-gartner-says-worldwide-pc-shipments-grew-3-point-six-percent-in-the-third-quarter-of-2020,"Gartner def v1: desk-based PCs, notebook PCs and ultramobile premiums (e.g. Surface); excludes Chromebooks and iPads"
2020Q3,IDC,81.3,14.6,2020-10-12,https://www.businesswire.com/news/home/20201012005711/en/Traditional-PC-Market-Delivers-Another-Quarter-of-Double-Digit-Growth-in-Q3-2020-According-to-IDC,"global shipments grew 14.6% year over year to 81.3 million units in the third quarter of 2020 (3Q20), according to preliminary results",no,81.272,70.907,https://web.archive.org/web/20201023114216/https://www.businesswire.com/news/home/20201012005711/en/Traditional-PC-Market-Delivers-Another-Quarter-of-Double-Digit-Growth-in-Q3-2020-According-to-IDC,"IDC traditional PCs = desktops, notebooks, workstations; excl. tablets and x86 servers"
2020Q4,Gartner,79.4,10.7,2021-01-11,https://www.gartner.com/en/newsroom/press-releases/2021-01-11-gartner-says-worldwide-pc-shipments-grew-10-point-7-percent-in-the-fourth-quarter-of-2020-and-4-point-8-percent-for-the-year,"Worldwide PC shipments totaled 79.4 million units in the fourth quarter of 2020, a 10.7% increase from the fourth quarter of 2019, according to preliminary results by Gartner, Inc.",no,79.392,71.749,https://web.archive.org/web/20210111210346/https://www.gartner.com/en/newsroom/press-releases/2021-01-11-gartner-says-worldwide-pc-shipments-grew-10-point-7-percent-in-the-fourth-quarter-of-2020-and-4-point-8-percent-for-the-year,"Gartner def v1: desk-based PCs, notebook PCs and ultramobile premiums (e.g. Surface); excludes Chromebooks and iPads"
2020Q4,IDC,91.6,26.1,2021-01-11,https://www.businesswire.com/news/home/20210111005300/en/,"The fourth quarter of 2020 (4Q20) saw global shipments grow 26.1% year over year to 91.6 million units, according to preliminary results",no,91.59,72.622,https://web.archive.org/web/20210111140745/https://www.businesswire.com/news/home/20210111005300/en/,"IDC traditional PCs = desktops, notebooks, workstations; excl. tablets and x86 servers"
2021Q1,Gartner,69.9,32.0,2021-04-12,https://www.gartner.com/en/newsroom/press-releases/2021-04-12-gartner-says-worldwide-pc-shipments-grew-32-percent-in-first-quarter-of-2021,"Worldwide PC shipments totaled 69.9 million units in the first quarter of 2021, an increase of 32% from the first quarter of 2020, according to preliminary results by Gartner, Inc.",no,69.8695,52.9283,https://web.archive.org/web/20210413052201/https://www.gartner.com/en/newsroom/press-releases/2021-04-12-gartner-says-worldwide-pc-shipments-grew-32-percent-in-first-quarter-of-2021,"Gartner def v1: desk-based PCs, notebook PCs and ultramobile premiums (e.g. Surface); excludes Chromebooks and iPads; the 2021Q2 release restates 1Q21 growth as 35.7%"
2021Q1,IDC,84.0,55.2,2021-04-09,https://www.businesswire.com/news/home/20210409005459/en/,grew 55.2% year over year during the first quarter of 2021 (1Q21) ... PC shipments reached 84 million worldwide in 1Q21,no,83.981,54.123,https://web.archive.org/web/20210409213942/https://www.businesswire.com/news/home/20210409005459/en/,"IDC traditional PCs = desktops, notebooks, workstations; excl. tablets and x86 servers"
2021Q2,Gartner,71.6,4.6,2021-07-12,https://www.gartner.com/en/newsroom/press-releases/2021-07-12-gartner-says-worldwide-pc-shipments-grew-4-point-six-in-second-quarter-of-2021,"Worldwide PC shipments totaled 71.6 million units in the second quarter of 2021, an increase of 4.6% from the second quarter of 2020, according to preliminary results by Gartner, Inc.",no,71.628,68.488,https://web.archive.org/web/20210712201102/https://www.gartner.com/en/newsroom/press-releases/2021-07-12-gartner-says-worldwide-pc-shipments-grew-4-point-six-in-second-quarter-of-2021,"Gartner def v1: desk-based PCs, notebook PCs and ultramobile premiums (e.g. Surface); excludes Chromebooks and iPads"
2021Q2,IDC,83.6,13.2,2021-07-12,https://www.businesswire.com/news/home/20210712005235/en/,"reached 83.6 million units in 2Q21, up 13.2% from the second quarter of 2020, according to preliminary results",no,83.614,73.879,https://web.archive.org/web/20210712150613/https://www.businesswire.com/news/home/20210712005235/en/,"IDC traditional PCs = desktops, notebooks, workstations; excl. tablets and x86 servers"
2021Q3,Gartner,84.1,1.0,2021-10-11,https://www.gartner.com/en/newsroom/press-releases/2021-10-11-gartner-says-worldwide-pc-shipments-grew-1-percent-in-third-quarter-of-2021,"Worldwide PC shipments totaled 84.1 million units in the third quarter of 2021, an increase of 1% from the third quarter of 2020, according to preliminary results by Gartner, Inc.",no,84.147,83.286,https://web.archive.org/web/20211011212410/https://www.gartner.com/en/newsroom/press-releases/2021-10-11-gartner-says-worldwide-pc-shipments-grew-1-percent-in-third-quarter-of-2021,DEFINITION CHANGE: Gartner def v2: adds Chromebooks (still excludes iPads); prior-year base restated to include Chromebooks (3Q20 base 83.3m vs 71.4m as first published)
2021Q4,Gartner,88.4,-5.0,2022-01-12,https://www.gartner.com/en/newsroom/press-releases/2022-01-12-gartner-says-worldwide-pc-shipments-declined-5-percent-in-fourth-quarter-of-2021-but-grew-nearly-10-percent-for-the-year,"Worldwide PC shipments totaled 88.4 million units in the fourth quarter of 2021, a 5% decrease from the fourth quarter of 2020, according to preliminary results by Gartner, Inc.",no,88.392,93.076,https://web.archive.org/web/20220112213446/https://www.gartner.com/en/newsroom/press-releases/2022-01-12-gartner-says-worldwide-pc-shipments-declined-5-percent-in-fourth-quarter-of-2021-but-grew-nearly-10-percent-for-the-year,Gartner def v2: adds Chromebooks (still excludes iPads); prior-year base restated to include Chromebooks
2021Q4,IDC,92.7,1.0,2022-01-12,https://www.businesswire.com/news/home/20220112005775/en/,"reached 92.7 million units during the fourth quarter of 2021 (4Q21), marking 1.0% growth over the same quarter in 2020",no,92.653,91.744,https://web.archive.org/web/20220113151142/https://www.businesswire.com/news/home/20220112005775/en/,"IDC traditional PCs = desktops, notebooks, workstations; excl. tablets and x86 servers"
2022Q1,Gartner,77.5,-7.3,2022-04-11,https://www.gartner.com/en/newsroom/press-releases/2022-04-11-gartner-says-worldwide-pc-shipments-declined-7-percent-in-first-quarter-of-2022,"Worldwide PC shipments totaled 77.5 million units in the first quarter of 2022, a 7.3% decrease from the first quarter of 2021, according to preliminary results by Gartner, Inc.",no,77.494,83.592,https://web.archive.org/web/20220411201208/https://www.gartner.com/en/newsroom/press-releases/2022-04-11-gartner-says-worldwide-pc-shipments-declined-7-percent-in-first-quarter-of-2022,"Gartner def v2: adds Chromebooks (still excludes iPads); prior-year base restated to include Chromebooks; SILENT EDIT: live gartner.com page now reads 77.9m / -6.8% (table 77,861 vs 83,520); as-published value taken from Wayback capture 20220411201208"
2022Q1,IDC,80.5,-5.1,2022-04-11,https://www.businesswire.com/news/home/20220411005321/en/PC-Shipments-Begin-to-Slow-Following-Two-Years-of-Strong-Growth-According-to-IDC,declined 5.1% in the first quarter of 2022 (1Q22) but exceeded earlier forecasts ... vendors still shipped 80.5 million PCs during the quarter.,no,80.5,84.8,https://web.archive.org/web/20220411124109/https://www.businesswire.com/news/home/20220411005321/en/PC-Shipments-Begin-to-Slow-Following-Two-Years-of-Strong-Growth-According-to-IDC,"IDC traditional PCs = desktops, notebooks, workstations; excl. tablets and x86 servers"
2022Q2,Gartner,72.0,-12.6,2022-07-11,https://www.gartner.com/en/newsroom/press-releases/2022-07-11-gartner-says-worldwide-pc-shipments-experienced-the-sharpest-decline-in-nine-years-in-second-quarter-of-2022,"Worldwide PC shipments totaled 72 million units in the second quarter of 2022, a 12.6% decline from the second quarter of 2021, according to preliminary results by Gartner, Inc.",no,72.011,82.424,https://web.archive.org/web/20220711211831/https://www.gartner.com/en/newsroom/press-releases/2022-07-11-gartner-says-worldwide-pc-shipments-experienced-the-sharpest-decline-in-nine-years-in-second-quarter-of-2022,Gartner def v2: adds Chromebooks (still excludes iPads); prior-year base restated to include Chromebooks
2022Q2,IDC,71.3,-15.3,2022-07-11,https://www.businesswire.com/news/home/20220711005265/en/Worldwide-PC-Shipments-Fall-15.3-in-the-Second-Quarter-of-2022-as-Supply-and-Demand-Both-Waver-According-to-IDC/,Worldwide shipments of traditional PCs declined 15.3% year over year to 71.3 million units in the second quarter of 2022 (2Q22),no,71.3,84.2,https://web.archive.org/web/20220712211555/https://www.businesswire.com/news/home/20220711005265/en/Worldwide-PC-Shipments-Fall-15.3-in-the-Second-Quarter-of-2022-as-Supply-and-Demand-Both-Waver-According-to-IDC/,"IDC traditional PCs = desktops, notebooks, workstations; excl. tablets and x86 servers"
2022Q3,Gartner,68.0,-19.5,2022-10-10,https://www.gartner.com/en/newsroom/press-releases/2022-10-10-gartner-says-worldwide-pc-shipments-declined-19-percent-in-third-quarter-of-2022,"Worldwide PC shipments totaled 68 million units in the third quarter of 2022, a 19.5% decrease from the third quarter of 2021, according to preliminary results by Gartner, Inc.",no,67.996,84.446,https://web.archive.org/web/20221010205247/https://www.gartner.com/en/newsroom/press-releases/2022-10-10-gartner-says-worldwide-pc-shipments-declined-19-percent-in-third-quarter-of-2022,"DEFINITION WORDING CHANGE: Gartner def v3: desktop and laptop PCs equipped with Windows, macOS or Chrome OS"
2022Q3,IDC,74.3,-15.0,2022-10-10,https://www.idc.com/resource-center/press-releases/worldwide-pc-shipments-decline-another-15-0-in-the-third-quarter-of-2022-according-to-idc-tracker/,global shipments totaled 74.3 million units during the third quarter of 2022 (3Q22) ... a year-over-year contraction of 15.0%.,no,74.252,87.319,,"IDC traditional PCs = desktops, notebooks, workstations; excl. tablets and x86 servers"
2022Q4,Gartner,65.3,-28.5,2023-01-11,https://www.gartner.com/en/newsroom/press-releases/2023-01-11-gartner-says-worldwide-pc-shipments-declined-28-percent-in-fourth-quarter-of-2022-and-16-percent-for-the-year,"Worldwide PC shipments totaled 65.3 million units in the fourth quarter of 2022, a 28.5% decrease from the fourth quarter of 2021, according to preliminary results by Gartner, Inc.",no,65.292,91.296,https://web.archive.org/web/20230111212945/https://www.gartner.com/en/newsroom/press-releases/2023-01-11-gartner-says-worldwide-pc-shipments-declined-28-percent-in-fourth-quarter-of-2022-and-16-percent-for-the-year,"Gartner def v3: desktop and laptop PCs equipped with Windows, macOS or Chrome OS"
2022Q4,IDC,67.2,-28.1,2023-01-10,https://www.idc.com/resource-center/press-releases/pc-shipments-continued-to-slump-during-the-holiday-quarter-with-recovery-now-looking-like-2024-according-to-idc-tracker/,"as 67.2 million PCs were shipped, down 28.1% from the prior year, according to preliminary results",no,67.2,93.5,,"IDC traditional PCs = desktops, notebooks, workstations; excl. tablets and x86 servers"
2023Q1,Gartner,55.2,-30.0,2023-04-11,https://www.gartner.com/en/newsroom/press-releases/04-11-2023-gartner-says-worldwide-pc-shipments-declined-30-percent-in-first-quarter-of-2023,"Worldwide PC shipments totaled 55.2 million units in the first quarter of 2023, a 30% decrease from the first quarter of 2022, according to preliminary results by Gartner, Inc.",no,55.154,78.752,https://web.archive.org/web/20230411221428/https://www.gartner.com/en/newsroom/press-releases/04-11-2023-gartner-says-worldwide-pc-shipments-declined-30-percent-in-first-quarter-of-2023,"Gartner def v3: desktop and laptop PCs equipped with Windows, macOS or Chrome OS"
2023Q1,IDC,56.9,-29.0,2023-04-09,https://www.idc.com/resource-center/press-releases/pc-pain-persists-in-q1-2023-due-to-excess-inventory-and-poor-demand-according-to-idc-tracker/,"Global shipments numbered 56.9 million, marking a contraction of 29.0% compared to the same quarter in 2022",no,56.9,80.2,,"IDC traditional PCs = desktops, notebooks, workstations; excl. tablets and x86 servers; the 2024Q1 release restates 1Q23 decline as -28.7%"
2023Q2,Gartner,59.7,-16.6,2023-07-11,https://www.gartner.com/en/newsroom/press-releases/2023-07-11-gartner-says-worldwide--pc-shipments-declined-16-percent-in-second-quarter-of-2023,"Worldwide PC shipments totaled 59.7 million units in the second quarter of 2023, a 16.6% decrease from the second quarter of 2022, according to preliminary results by Gartner, Inc.",no,59.652,71.518,https://web.archive.org/web/20230714135705/https://www.gartner.com/en/newsroom/press-releases/2023-07-11-gartner-says-worldwide--pc-shipments-declined-16-percent-in-second-quarter-of-2023,"Gartner def v3: desktop and laptop PCs equipped with Windows, macOS or Chrome OS"
2023Q2,IDC,61.6,-13.4,2023-07-10,https://www.idc.com/resource-center/press-releases/global-pc-shipments-continue-to-decline-in-the-second-quarter-of-2023-due-to-weak-demand-and-shifting-budgetary-priorities-according-to-idc-tracker/,Global PC shipments declined 13.4% year over year during the second quarter of 2023 (2Q23) ... Total 61.6 100.0% 71.1 100.0% -13.4%,no,61.6,71.1,,"IDC traditional PCs = desktops, notebooks, workstations; excl. tablets and x86 servers; units not in the text; taken from the release table total row"
2023Q3,Gartner,64.3,-9.0,2023-10-09,https://www.gartner.com/en/newsroom/press-releases/2023-10-09-gartner-says-worldwide-pc-shipments-declined-9-percent-in-third-quarter-of-2023,"Worldwide PC shipments totaled 64.3 million units in the third quarter of 2023, a 9% decrease from the third quarter of 2022, according to preliminary results by Gartner, Inc.",no,64.279,70.604,https://web.archive.org/web/20231010050824/https://www.gartner.com/en/newsroom/press-releases/2023-10-09-gartner-says-worldwide-pc-shipments-declined-9-percent-in-third-quarter-of-2023,"Gartner def v3: desktop and laptop PCs equipped with Windows, macOS or Chrome OS"
2023Q3,IDC,68.2,-7.6,2023-10-09,https://www.idc.com/resource-center/press-releases/global-pc-shipments-decline-again-in-the-third-quarter-of-2023-amid-signs-of-market-improvement-according-to-idc-tracker/,global volumes declined 7.6% year over year with 68.2 million PCs shipped,no,68.2,73.8,,"IDC traditional PCs = desktops, notebooks, workstations; excl. tablets and x86 servers"
2023Q4,Gartner,63.3,0.3,2024-01-10,https://www.gartner.com/en/newsroom/press-releases/01-10-2024-gartner-says-worldwide-pc-shipments-increased-zero-point-three-percent-in-fourth-quarter-of-2023-but-declined-fourteen-point-eight-percent-for-the-year,"Worldwide PC shipments totaled 63.3 million units in the fourth quarter of 2023, a 0.3% increase from the fourth quarter of 2022, according to preliminary results by Gartner, Inc.",no,63.371,63.179,https://web.archive.org/web/20240111045024/https://www.gartner.com/en/newsroom/press-releases/01-10-2024-gartner-says-worldwide-pc-shipments-increased-zero-point-three-percent-in-fourth-quarter-of-2023-but-declined-fourteen-point-eight-percent-for-the-year,"Gartner def v3: desktop and laptop PCs equipped with Windows, macOS or Chrome OS"
2023Q4,IDC,67.1,-2.7,2024-01-10,https://www.idc.com/resource-center/press-releases/worldwide-pc-shipments-declined-2-7-year-over-year-in-the-fourth-quarter-of-2023-but-visions-of-growth-lie-ahead-according-to-idc/,"with nearly 67.1 million PCs shipped, down 2.7% from the prior year, according to preliminary results",no,67.1,68.9,,"IDC traditional PCs = desktops, notebooks, workstations; excl. tablets and x86 servers"
2024Q1,IDC,59.8,1.5,2024-04-08,https://www.idc.com/resource-center/press-releases/global-pc-shipments-return-to-growth-and-pre-pandemic-volumes-in-the-first-quarter-of-2024-according-to-idc-tracker/,"the worldwide traditional PC market returned to growth during the first quarter of 2024 (1Q24) with 59.8 million shipments, growing 1.5% year over year",no,59.8,58.9,,"IDC traditional PCs = desktops, notebooks, workstations; excl. tablets and x86 servers"
2024Q2,Gartner,60.6,1.9,2024-07-10,https://www.gartner.com/en/newsroom/press-releases/2024-07-10-gartner-says-worldwide-pc-shipments-increased-1-point-9-percent-in-second-quarter-of-2024,"Worldwide PC shipments totaled 60.6 million units in the second quarter of 2024, a 1.9% increase from the second quarter of 2023, according to preliminary results by Gartner, Inc.",no,60.694,59.559,https://web.archive.org/web/20240711033318/https://www.gartner.com/en/newsroom/press-releases/2024-07-10-gartner-says-worldwide-pc-shipments-increased-1-point-9-percent-in-second-quarter-of-2024,"Gartner def v3: desktop and laptop PCs equipped with Windows, macOS or Chrome OS; headline 60.6m vs table 60.694m"
2024Q2,IDC,64.9,3.0,2024-07-09,https://www.idc.com/resource-center/press-releases/pc-recovery-continues-as-the-market-grows-3-in-the-second-quarter-according-to-idc/,"worldwide shipments reached 64.9 million units in the second quarter of 2024 (2Q24), representing year-over-year growth of 3.0%.",no,64.9,63.1,,"IDC traditional PCs = desktops, notebooks, workstations; excl. tablets and x86 servers"
2024Q3,Gartner,62.9,-1.3,2024-10-09,https://www.gartner.com/en/newsroom/press-releases/2024-10-09-gartner-says-worldwide-pc-shipments-declined-1-percent-in-third-quarter-of-2024,"Worldwide PC shipments totaled 62.9 million units in the third quarter of 2024, a 1.3% decline from the third quarter of 2023, according to preliminary results by Gartner, Inc.",no,62.997,63.848,https://web.archive.org/web/20241009162605/https://www.gartner.com/en/newsroom/press-releases/2024-10-09-gartner-says-worldwide-pc-shipments-declined-1-percent-in-third-quarter-of-2024,"Gartner def v3: desktop and laptop PCs equipped with Windows, macOS or Chrome OS"
2024Q3,IDC,68.8,-2.4,2024-10-08,https://www.idc.com/resource-center/press-releases/global-pc-shipments-dip-slightly-despite-recovery-economy-ai-integration-key-to-future-market-success-according-to-idc-tracker/,"worldwide shipments of traditional PCs dipped 2.4% year-over-year (YoY) to 68.8 million units, during the third quarter of 2024 (3Q24)",no,68.8,70.5,,"IDC traditional PCs = desktops, notebooks, workstations; excl. tablets and x86 servers"
2024Q4,Gartner,64.4,1.4,2025-01-16,https://www.gartner.com/en/newsroom/press-releases/2025-01-15-gartner-says-worldwide-pc-shipments-increased-1-point-4-percent-in-fourth-quarter-of-2024,"Worldwide PC shipments totaled 64.4 million units in the fourth quarter of 2024, a 1.4% increase from the fourth quarter of 2023, according to preliminary results by Gartner, Inc.",no,64.4,63.541,https://web.archive.org/web/20250116165526/https://www.gartner.com/en/newsroom/press-releases/2025-01-15-gartner-says-worldwide-pc-shipments-increased-1-point-4-percent-in-fourth-quarter-of-2024,"Gartner def v3: desktop and laptop PCs equipped with Windows, macOS or Chrome OS; dateline Jan 16 2025 (URL slug says 2025-01-15)"
2024Q4,IDC,68.9,1.8,2025-01-09,https://www.idc.com/resource-center/press-releases/the-pc-market-closed-out-2024-with-slight-growth-and-mixed-views-on-what-2025-will-bring-according-to-idc/,PC shipments during the fourth quarter of 2024 grew 1.8% from the prior year with global volumes reaching 68.9 million shipments,no,68.9,67.7,,"IDC traditional PCs = desktops, notebooks, workstations; excl. tablets and x86 servers"
2025Q1,Gartner,59.0,4.8,2025-04-14,https://www.gartner.com/en/newsroom/press-releases/2025-04-14-gartner-says-worldwide-pc-shipments-increased-4-point-8-percent-in-first-quarter-of-2025,"Worldwide PC shipments totaled 59 million units in the first quarter of 2025, a 4.8% increase from the first quarter of 2024, according to preliminary results by Gartner, Inc.",no,58.947,56.272,https://web.archive.org/web/20250417012837/https://www.gartner.com/en/newsroom/press-releases/2025-04-14-gartner-says-worldwide-pc-shipments-increased-4-point-8-percent-in-first-quarter-of-2025,"Gartner def v3: desktop and laptop PCs equipped with Windows, macOS or Chrome OS"
2025Q1,IDC,63.2,4.9,2025-04-08,https://www.idc.com/resource-center/press-releases/the-pc-market-enters-volatile-2025-on-strong-results-according-to-idc/,"PC shipments during the first quarter of 2025 grew 4.9% from the prior year, with global volumes reaching 63.2 million shipments",no,63.2,60.2,,"IDC traditional PCs = desktops, notebooks, workstations; excl. tablets and x86 servers"
2025Q2,Gartner,63.0,4.4,2025-07-14,https://www.gartner.com/en/newsroom/press-releases/2025-07-14-gartner-says-worldwide-pc-shipments-increased-4-point-4-percent-in-second-quarter-of-2025,"Worldwide PC shipments totaled more than 63 million units in the second quarter of 2025, a 4.4% increase from the second quarter of 2024, according to preliminary results by Gartner, Inc.",no,63.225,60.541,https://web.archive.org/web/20250718094947/https://www.gartner.com/en/newsroom/press-releases/2025-07-14-gartner-says-worldwide-pc-shipments-increased-4-point-4-percent-in-second-quarter-of-2025,"Gartner def v3: desktop and laptop PCs equipped with Windows, macOS or Chrome OS; headline says 'more than 63 million' (table 63.225m)"
2025Q2,IDC,68.4,6.5,2025-07-08,https://www.idc.com/resource-center/press-releases/pc-shipments-remained-strong-in-q2-signaling-vendors-getting-ahead-of-tariff-deadlines-according-to-idc/,"PC shipments during the second quarter of 2025 grew 6.5% from the prior year, with global volumes reaching 68.4 million shipments",no,68.4,64.2,,"IDC traditional PCs = desktops, notebooks, workstations; excl. tablets and x86 servers; also at my.idc.com/getdoc.jsp?containerId=prUS53677225"
2025Q3,Gartner,69.0,8.2,2025-10-16,https://www.gartner.com/en/newsroom/press-releases/2025-10-16-gartner-says-worldwide-pc-shipments-grew-8-percent-in-third-quarter-of-2025,"Worldwide PC shipments totaled more than 69 million units in the third quarter of 2025, an 8.2% increase from the third quarter of 2024, according to preliminary results by Gartner, Inc.",no,69.914,64.611,https://web.archive.org/web/20251017015058/https://www.gartner.com/en/newsroom/press-releases/2025-10-16-gartner-says-worldwide-pc-shipments-grew-8-percent-in-third-quarter-of-2025,"Gartner def v3: desktop and laptop PCs equipped with Windows, macOS or Chrome OS; headline says 'more than 69 million' (table 69.914m)"
2025Q3,IDC,75.8,9.4,2025-10-08,https://www.idc.com/resource-center/press-releases/pc-shipments-accelerate-in-q3-signaling-steady-refresh-of-existing-installed-base/,"PC shipments during the third quarter of 2025 grew 9.4% from the prior year, with global volumes reaching 75.8 million units",no,75.9,69.3,,"IDC traditional PCs = desktops, notebooks, workstations; excl. tablets and x86 servers; text 75.8m vs table 75.9m; also my.idc.com prUS53855725"
2025Q4,Gartner,71.5,9.3,2026-01-20,https://www.gartner.com/en/newsroom/press-releases/2026-1-20-gartner-says-worldwide-pc-shipments-increased-9-point-3-percent-in-fourth-quarter-of-2025-and-9-point-1-percent-for-the-full-year,"Worldwide PC shipments totaled 71.5 million units in the fourth quarter of 2025, a 9.3% increase from the fourth quarter of 2024, according to preliminary results by Gartner, Inc.",no,71.496,65.409,https://web.archive.org/web/20260120165726/https://www.gartner.com/en/newsroom/press-releases/2026-1-20-gartner-says-worldwide-pc-shipments-increased-9-point-3-percent-in-fourth-quarter-of-2025-and-9-point-1-percent-for-the-full-year,"Gartner def v3: desktop and laptop PCs equipped with Windows, macOS or Chrome OS"
2025Q4,IDC,76.4,9.6,2026-01-12,https://www.idc.com/resource-center/press-releases/4q25-pc-top-5-pr/,"Global PC shipments grew 9.6% year-over-year in the fourth quarter of 2025, reaching 76.4 million units",no,76.4,69.7,,"IDC traditional PCs = desktops, notebooks, workstations; excl. tablets and x86 servers"
2026Q1,Gartner,62.8,4.0,2026-04-10,https://www.gartner.com/en/newsroom/press-releases/2026-4-10-gartner-says-worldwide-pc-shipments-increased-4-percent-in-first-quarter-of-2026,"Worldwide PC shipments totaled 62.8 million units in the first quarter of 2026, a 4% increase from the first quarter of 2025, according to preliminary results by Gartner, Inc.",no,62.8,60.365,https://web.archive.org/web/20260415202147/https://www.gartner.com/en/newsroom/press-releases/2026-4-10-gartner-says-worldwide-pc-shipments-increased-4-percent-in-first-quarter-of-2026,"Gartner def v3: desktop and laptop PCs equipped with Windows, macOS or Chrome OS; Gartner calls the growth artificially inflated by pre-price-hike inventory build"
2026Q1,IDC,65.6,2.5,2026-04-08,https://www.idc.com/resource-center/press-releases/1q26-pc-top5/,"Global PC shipments grew 2.5% year-over-year in the first quarter of 2026, reaching 65.6 million units",no,65.6,64.0,,"IDC traditional PCs = desktops, notebooks, workstations; excl. tablets and x86 servers; idc.com/promo/pcdforecast rounds this to '3%'; release text and table say 2.5%"
2026Q2,IDC,68.2,-4.9,2026-07-08,https://www.idc.com/resource-center/press-releases/2q26-pc-top5/,"Worldwide PC shipments fell 4.9% year over year in Q2 2026 to 68.2 million units, according to IDC",no,68.2,71.7,,"IDC traditional PCs = desktops, notebooks, workstations; excl. tablets and x86 servers"
