quarter,group_rev_dkkm,hearing_rev_dkkm,audio_rev_dkkm,enterprise_rev_dkkm,consumer_rev_dkkm,steelseries_rev_dkkm,gaming_div_rev_dkkm,audio_org_pct,enterprise_org_pct,steelseries_org_pct,gaming_org_ex_winddown_pct,audio_gm_pct,audio_ebita_adj_margin_pct,cont_ops_rev_dkkm,cont_ops_gm_pct,cont_ops_ebita_adj_margin_pct,cont_ops_ebita_rep_margin_pct,enterprise_div_margin_pct,gaming_div_margin_pct,enterprise_sellout_minus_sellin_pts,sellout_gap_is_estimate,inventory_dkkm,audio_inventory_dkkm,is_estimate,source
2021Q1,4110.0,1234,2876.0,,,,,82.0,,,,51.5,24.8,,,,,,,,,1616,939.0,0,GN AR 2022 quarterly tables; Q1 2021 release
2021Q2,3778.0,1322,2456.0,,,,,32.0,,,,51.5,21.7,,,,,,,,,1724,1049.0,0,GN AR 2022; Q2 2021 report
2021Q3,3787.0,1347,2440.0,,,,,1.0,,,,50.1,20.0,,,,,,,,,1702,1019.0,0,GN AR 2022; Q3 2021 (supply constrained)
2021Q4,4100.0,1429,2671.0,,,,,-4.0,,,,49.3,17.8,,,,,,,,,1948,1205.0,0,GN AR 2022; significant order backlog at YE21
2022Q1,3859.0,1337,2522.0,,,450.0,,-30.0,,-35.0,,39.9,14.4,,,,,,,,,2782,2012.0,1,GN Q1 2022 release (Enterprise not split from Consumer in Q1 2022: Ent+Consumer = 2072 combined; left blank); SteelSeries consolidated 12 Jan 2022
2022Q2,4857.0,1529,3328.0,2450.0,391.0,487.0,,10.0,18.0,-30.0,,45.1,18.0,,,,,,,,,3098,2282.0,1,GN Q2 2022 report; consumer derived as Audio-Ent-SteelSeries
2022Q3,4701.0,1554,3147.0,2175.0,376.0,596.0,,-2.0,7.0,-13.0,,42.6,14.6,,,,,,,,,3860,2968.0,1,GN Q3 2022 report; peak inventory
2022Q4,5270.0,1807,3463.0,2237.0,442.0,784.0,,-3.0,9.0,-4.0,,39.7,9.6,,,,,,,,,3516,2666.0,1,GN AR 2022
2023Q1,4214.0,1622,2592.0,1767.0,285.0,540.0,,2.0,-3.0,22.0,,41.0,7.0,,,,,,,,,3348,2506.0,0,GN Q1 2023 report
2023Q2,4394.0,1719,2675.0,1861.0,271.0,543.0,,-18.0,-23.0,16.0,,44.2,9.5,,,,,,,,,3290,2449.0,0,GN Q2 2023 report (Enterprise correction)
2023Q3,4443.0,1653,2790.0,1838.0,329.0,623.0,,-8.0,-13.0,10.0,,43.2,11.9,,,,,,,,,3209,2353.0,0,GN Q3 2023 report
2023Q4,5069.0,1808,3261.0,1997.0,368.0,896.0,,-4.0,-9.0,17.0,,43.5,13.2,,,,,,,,,2657,1867.0,0,GN AR 2023
2024Q1,4303.0,1737,,1811.0,204.0,551.0,755.0,,-1.0,3.0,1.0,,,,,,,35.2,1.6,,,2667,,0,GN AR 2025 restated (Enterprise incl BlueParrott); Gaming division = SteelSeries + Consumer
2024Q2,4499.0,1792,,1873.0,223.0,611.0,834.0,,-1.0,12.0,9.0,,,,,,,34.8,-1.2,,,2754,,0,GN AR 2025 restated; Elite/Talk wind-down announced 11 Jun 2024
2024Q3,4164.0,1725,,1740.0,104.0,595.0,699.0,,-7.0,-4.0,-21.0,,,,,,,34.4,0.0,4.0,0.0,3144,,0,GN AR 2025 restated; Enterprise sell-in -7% vs sell-out -3%; Q3 2024 report: Enterprise sell-in -7% vs sell-out -3%
2024Q4,5019.0,1850,,2050.0,66.0,1053.0,1119.0,,-3.0,16.0,-7.0,,,,,,,37.8,7.1,,,2585,,0,GN AR 2025 restated
2025Q1,3986.0,1703,,1666.0,-3.0,620.0,617.0,,-9.0,11.0,11.0,,,2283.0,50.7,5.7,,32.9,10.4,4.0,0.0,2572,,0,GN Q1 2025 report; continuing-ops restatement from Q2 2026 report; sell-in -9% vs sell-out -5%; Q1 2025 report: Enterprise sell-in -9% vs sell-out -5%
2025Q2,4160.0,1858,,1713.0,0.0,589.0,589.0,,-7.0,0.0,0.0,,,2302.0,50.4,7.1,,34.0,12.2,2.0,1.0,2402,,0,GN Q2 2025 report; distributor inventory reductions; Q2 2025: sell-in growth lower than sell-out due to distributor inventory reductions (magnitude est.)
2025Q3,3958.0,1747,,1624.0,-5.0,592.0,587.0,,-4.0,3.0,3.0,,,2211.0,49.0,8.8,,33.8,5.5,2.0,1.0,2376,,0,GN Q3 2025 report; NA channel inventory reductions; Q3 2025: NA sell-in hit by channel inventory reductions (est.)
2025Q4,4678.0,1906,,1896.0,-6.0,882.0,876.0,,-3.0,-12.0,-12.0,,,2772.0,48.6,8.7,,33.3,16.2,,,2314,,0,GN AR 2025; large FalCom order
2026Q1,3851.0,1755,,1516.0,,,580.0,,-5.0,,-1.0,,,2096.0,48.2,0.3,-19.0,28.7,11.0,2.0,1.0,1551,,0,"GN Q1 2026 report (Hearing discontinued; cont ops = Enterprise + Gaming); inventory cont ops only; group_rev_dkkm = continuing ops + Hearing (discontinued ops, still reported) — derived, not a GN-reported line; Q1 2026: EMEA channel inventory reductions (est.)"
2026Q2,3943.0,1772,,1558.0,,,613.0,,-7.0,,5.0,,,2171.0,52.1,5.1,1.7,31.0,15.0,3.0,1.0,1836,,0,"GN Q2 2026 report; Enterprise -3% ex FalCom; Gaming +5%; group_rev_dkkm = continuing ops + Hearing (discontinued ops, still reported) — derived, not a GN-reported line; Q2 2026: headset sell-out flat vs Enterprise -7% (-3% ex FalCom); gap est. ex FalCom"
