company,statement_date,period,metric,low,high,action,url,quote,note,quote_check,numbers_in_quote
logitech,2019-01-22,FY2019,op_income_usdm,340.0,345.0,raised,https://www.sec.gov/Archives/edgar/data/1032975/000103297519000004/exhibit991q3fy19.htm,raised its Fiscal Year 2019 profit outlook to between $340 million and $345 million in non-GAAP operating income,previous 325-335,found,True
logitech,2019-01-22,FY2019,sales_growth_cc_pct,9.0,11.0,reiterated,https://www.sec.gov/Archives/edgar/data/1032975/000103297519000004/exhibit991q3fy19.htm,on an annual sales outlook of 9 to 11 percent growth in constant currency,,found,True
logitech,2019-04-30,FY2020,sales_growth_cc_pct,4.0,9.0,reiterated,https://www.sec.gov/Archives/edgar/data/1032975/000103297519000017/exhibit991q4fy19.htm,confirmed its Fiscal Year 2020 outlook of mid to high single-digit sales growth,first 8-K statement; 'mid to high single-digit' = 4-9,found,True
logitech,2019-04-30,FY2020,op_income_usdm,375.0,385.0,reiterated,https://www.sec.gov/Archives/edgar/data/1032975/000103297519000017/exhibit991q4fy19.htm,$375 million to $385 million in non-GAAP operating income,first 8-K statement,found,True
logitech,2019-07-23,FY2020,op_income_usdm,375.0,385.0,reiterated,https://www.sec.gov/Archives/edgar/data/1032975/000103297519000046/exhibit991q1fy20.htm,$375 million to $385 million in non-GAAP operating income,,found,True
logitech,2020-01-21,FY2020,op_income_usdm,375.0,385.0,reiterated,https://www.sec.gov/Archives/edgar/data/1032975/000103297520000002/exhibit991q3fy20.htm,"On the back of this strong performance, we are confirming our annual guidance.",,found,True
logitech,2020-05-12,FY2021,sales_growth_cc_pct,4.0,6.0,reiterated,https://www.sec.gov/Archives/edgar/data/1032975/000103297520000011/exhibit991q4fy20.htm,confirmed its Fiscal Year 2021 outlook of mid single-digit sales growth,first 8-K statement; 'mid single-digit' = 4-6,found,True
logitech,2020-05-12,FY2021,op_income_usdm,380.0,400.0,reiterated,https://www.sec.gov/Archives/edgar/data/1032975/000103297520000011/exhibit991q4fy20.htm,$380 million to $400 million in non-GAAP operating income,first 8-K statement,found,True
logitech,2020-07-21,FY2021,sales_growth_cc_pct,10.0,13.0,raised,https://www.sec.gov/Archives/edgar/data/1032975/000103297520000029/exhibit991q1fy21.htm,raised its Fiscal Year 2021 annual sales outlook from mid single-digit sales growth to 10 to 13 percent growth in constant currency,,found,True
logitech,2020-07-21,FY2021,op_income_usdm,410.0,425.0,raised,https://www.sec.gov/Archives/edgar/data/1032975/000103297520000029/exhibit991q1fy21.htm,to a range of $410 million to $425 million,,found,True
logitech,2020-10-20,FY2021,sales_growth_cc_pct,35.0,40.0,raised,https://www.sec.gov/Archives/edgar/data/1032975/000103297520000045/exhibit991q2fy21.htm,raised its Fiscal Year 2021 annual outlook to between 35 and 40 percent sales growth in constant currency and a range of $700 million to $725 million,,found,True
logitech,2020-10-20,FY2021,op_income_usdm,700.0,725.0,raised,https://www.sec.gov/Archives/edgar/data/1032975/000103297520000045/exhibit991q2fy21.htm,a range of $700 million to $725 million in non-GAAP operating income,,found,True
logitech,2021-01-19,FY2021,sales_growth_cc_pct,57.0,60.0,raised,https://www.sec.gov/Archives/edgar/data/1032975/000103297521000004/exhibit991q3fy21ng.htm,raised its Fiscal Year 2021 annual outlook to between 57 and 60 percent sales growth in constant currency,,found,True
logitech,2021-01-19,FY2021,op_income_usdm,1050.0,1050.0,raised,https://www.sec.gov/Archives/edgar/data/1032975/000103297521000004/exhibit991q3fy21ng.htm,approximately $1.05 billion in non-GAAP operating income,point guide,found,True
logitech,2021-04-29,FY2022,sales_growth_cc_pct,-5.0,5.0,reiterated,https://www.sec.gov/Archives/edgar/data/1032975/000103297521000012/exhibit991q4fy21ng.htm,"The outlook for sales growth in constant currency is still expected to be approximately flat, plus or minus 5 percent.","'approximately flat, plus or minus 5' = -5..+5",found,True
logitech,2021-04-29,FY2022,op_income_usdm,800.0,850.0,raised,https://www.sec.gov/Archives/edgar/data/1032975/000103297521000012/exhibit991q4fy21ng.htm,raised its Fiscal Year 2022 outlook for non-GAAP operating income to between $800 million and $850 million,previous 750-800,found,True
logitech,2021-07-27,FY2022,op_income_usdm,800.0,850.0,reiterated,https://www.sec.gov/Archives/edgar/data/1032975/000103297521000029/exhibit991q1fy22.htm,"confirmed its Fiscal Year 2022 outlook of flat sales growth in constant currency, plus or minus five percent, and $800 million to $850 million",,found,True
logitech,2021-10-26,FY2022,op_income_usdm,800.0,850.0,reiterated,https://www.sec.gov/Archives/edgar/data/1032975/000103297521000043/exhibit991q2fy22.htm,"confirmed its Fiscal Year 2022 outlook of flat sales growth in constant currency, plus or minus five percent, and $800 million to $850 million",,found,True
logitech,2022-01-25,FY2022,sales_growth_cc_pct,2.0,5.0,raised,https://www.sec.gov/Archives/edgar/data/1032975/000103297522000003/exhibit991q3fy22.htm,raised its Fiscal Year 2022 annual outlook to between 2 and 5 percent sales growth in constant currency,,found,True
logitech,2022-01-25,FY2022,op_income_usdm,850.0,900.0,raised,https://www.sec.gov/Archives/edgar/data/1032975/000103297522000003/exhibit991q3fy22.htm,between $850 million and $900 million in non-GAAP operating income,,found,True
logitech,2022-05-03,FY2023,sales_growth_cc_pct,2.0,4.0,lowered,https://www.sec.gov/Archives/edgar/data/1032975/000103297522000008/exhibit991q4fy22ng.htm,Sales growth in constant currency is now expected to be between 2 and 4 percent,previous 'mid single digits'; Russia / Ukraine removed,found,True
logitech,2022-05-03,FY2023,op_income_usdm,875.0,925.0,lowered,https://www.sec.gov/Archives/edgar/data/1032975/000103297522000008/exhibit991q4fy22ng.htm,non-GAAP operating income is expected to be between $875 million and $925 million,previous 900-950,found,True
logitech,2022-07-26,FY2023,sales_growth_cc_pct,-8.0,-4.0,lowered,https://www.sec.gov/Archives/edgar/data/1032975/000103297522000027/exhibit991q1fy23.htm,reduced its Fiscal Year 2023 outlook to between negative 8 percent and negative 4 percent sales growth in constant currency,,found,True
logitech,2022-07-26,FY2023,op_income_usdm,650.0,750.0,lowered,https://www.sec.gov/Archives/edgar/data/1032975/000103297522000027/exhibit991q1fy23.htm,between $650 million and $750 million in non-GAAP operating income,,found,True
logitech,2022-10-25,FY2023,sales_growth_cc_pct,-8.0,-4.0,reiterated,https://www.sec.gov/Archives/edgar/data/1032975/000162828022026927/exhibit991q2fy23.htm,reaffirmed its Fiscal Year 2023 outlook of between negative 8 percent and negative 4 percent,,found,True
logitech,2023-01-12,FY2023,sales_growth_cc_pct,-15.0,-13.0,lowered,https://www.sec.gov/Archives/edgar/data/1032975/000162828023000934/exhibit991january2023.htm,adjusted its Fiscal Year 2023 outlook to between negative 15 percent and negative 13 percent sales growth in constant currency,ad hoc pre-announcement,found,True
logitech,2023-01-12,FY2023,op_income_usdm,550.0,600.0,lowered,https://www.sec.gov/Archives/edgar/data/1032975/000162828023000934/exhibit991january2023.htm,between $550 million and $600 million in non-GAAP operating income,ad hoc pre-announcement,found,True
logitech,2023-05-02,H1FY2024,sales_usdm,1800.0,1900.0,reiterated,https://www.sec.gov/Archives/edgar/data/1032975/000103297523000015/exhibit991q4fy23.htm,H1 2024 outlook Sales $1.8 billion - $1.9 billion,first 8-K statement,found,True
logitech,2023-05-02,H1FY2024,op_income_usdm,160.0,190.0,reiterated,https://www.sec.gov/Archives/edgar/data/1032975/000103297523000015/exhibit991q4fy23.htm,Non-GAAP operating income $160 million - $190 million,,found,True
logitech,2023-07-25,H1FY2024,sales_usdm,1875.0,1975.0,raised,https://www.sec.gov/Archives/edgar/data/1032975/000103297523000050/exhibit991q1fy24.htm,Sales $1.8 - $1.9 billion $1.875 - $1.975 billion,previous -> new,found,True
logitech,2023-07-25,H1FY2024,op_income_usdm,180.0,220.0,raised,https://www.sec.gov/Archives/edgar/data/1032975/000103297523000050/exhibit991q1fy24.htm,Non-GAAP operating income $160 - $190 million $180 - $220 million,previous -> new,found,True
logitech,2023-07-25,FY2024,sales_usdm,3800.0,4000.0,initial,https://www.sec.gov/Archives/edgar/data/1032975/000103297523000050/exhibit991q1fy24.htm,Full FY 2024 outlook Sales $3.8 - $4.0 billion,,found,True
logitech,2023-07-25,FY2024,op_income_usdm,400.0,500.0,initial,https://www.sec.gov/Archives/edgar/data/1032975/000103297523000050/exhibit991q1fy24.htm,Non-GAAP operating income $400 - $500 million,,found,True
logitech,2023-10-24,FY2024,sales_usdm,4000.0,4150.0,raised,https://www.sec.gov/Archives/edgar/data/1032975/000103297523000075/exhibit991q2fy24.htm,Sales $3.8 - $4.0 billion $4.0 - $4.15 billion,previous -> new,found,True
logitech,2023-10-24,FY2024,op_income_usdm,525.0,575.0,raised,https://www.sec.gov/Archives/edgar/data/1032975/000103297523000075/exhibit991q2fy24.htm,Non-GAAP operating income $400 - $500 million $525 - $575 million,previous -> new,found,True
logitech,2024-01-23,FY2024,sales_usdm,4200.0,4250.0,raised,https://www.sec.gov/Archives/edgar/data/1032975/000103297524000004/exhibit991q3fy24.htm,Sales $4.0 - $4.15 billion $4.2 - $4.25 billion,previous -> new,found,True
logitech,2024-01-23,FY2024,op_income_usdm,610.0,660.0,raised,https://www.sec.gov/Archives/edgar/data/1032975/000103297524000004/exhibit991q3fy24.htm,Non-GAAP operating income $525 - $575 million $610 - $660 million,previous -> new,found,True
logitech,2024-04-30,FY2025,sales_usdm,4300.0,4400.0,initial,https://www.sec.gov/Archives/edgar/data/1032975/000103297524000015/exhibit991q4fy24.htm,Sales $4.3 - $4.4 billion,,found,True
logitech,2024-04-30,FY2025,op_income_usdm,685.0,715.0,initial,https://www.sec.gov/Archives/edgar/data/1032975/000103297524000015/exhibit991q4fy24.htm,Non-GAAP operating income $685 - $715 million,,found,True
logitech,2024-07-23,FY2025,sales_usdm,4340.0,4430.0,raised,https://www.sec.gov/Archives/edgar/data/1032975/000103297524000042/exhibit991q1fy25.htm,Sales $4.3 - $4.4 billion $4.34 - $4.43 billion,previous -> new,found,True
logitech,2024-07-23,FY2025,op_income_usdm,700.0,730.0,raised,https://www.sec.gov/Archives/edgar/data/1032975/000103297524000042/exhibit991q1fy25.htm,Non-GAAP operating income $685 - $715 million $700 - $730 million,previous -> new,found,True
logitech,2024-10-22,FY2025,sales_usdm,4390.0,4470.0,raised,https://www.sec.gov/Archives/edgar/data/1032975/000103297524000072/exhibit991q2fy25.htm,Sales $4.34 - $4.43 billion $4.39 - $4.47 billion,previous -> new,found,True
logitech,2024-10-22,FY2025,op_income_usdm,720.0,750.0,raised,https://www.sec.gov/Archives/edgar/data/1032975/000103297524000072/exhibit991q2fy25.htm,Non-GAAP operating income $700 - $730 million $720 - $750 million,previous -> new,found,True
logitech,2025-01-28,FY2025,sales_usdm,4540.0,4570.0,raised,https://www.sec.gov/Archives/edgar/data/1032975/000103297525000005/exhibit991q3fy25.htm,Sales $4.39 - $4.47 billion $4.54 - $4.57 billion,previous -> new,found,True
logitech,2025-01-28,FY2025,op_income_usdm,755.0,770.0,raised,https://www.sec.gov/Archives/edgar/data/1032975/000103297525000005/exhibit991q3fy25.htm,Non-GAAP operating income $720 - $750 million $755 - $770 million,previous -> new,found,True
logitech,2025-04-10,FY2026,sales_usdm,,,withdrawn,https://www.sec.gov/Archives/edgar/data/1032975/000103297525000018/exhibit991logitechreaffirm.htm,the Company withdrew its outlook for Fiscal Year 2026,tariffs; quarterly guides from here,found,True
logitech,2025-04-29,Q1FY2026,sales_usdm,1100.0,1150.0,initial,https://www.sec.gov/Archives/edgar/data/1032975/000103297525000022/exhibit991q4fy25.htm,"Sales $1,100 - $1,150 million",,found,True
logitech,2025-07-29,Q2FY2026,sales_usdm,1145.0,1190.0,initial,https://www.sec.gov/Archives/edgar/data/1032975/000103297525000055/exhibit991q1fy26.htm,"Sales $1,145 - $1,190 million",,found,True
logitech,2025-10-28,Q3FY2026,sales_usdm,1375.0,1415.0,initial,https://www.sec.gov/Archives/edgar/data/1032975/000103297525000076/exhibit991q2fy26.htm,"Sales $1,375 - $1,415 million",,found,True
logitech,2026-01-27,Q4FY2026,sales_usdm,1070.0,1090.0,initial,https://www.sec.gov/Archives/edgar/data/1032975/000103297526000006/exhibit991q3fy26.htm,"Sales $1,070 - $1,090 million $4,825 - $4,845 million",Q4 column,found,True
logitech,2026-01-27,FY2026,sales_usdm,4825.0,4845.0,initial,https://www.sec.gov/Archives/edgar/data/1032975/000103297526000006/exhibit991q3fy26.htm,"Sales $1,070 - $1,090 million $4,825 - $4,845 million",FY column; one quarter left,found,True
logitech,2026-01-27,FY2026,op_income_usdm,900.0,910.0,initial,https://www.sec.gov/Archives/edgar/data/1032975/000103297526000006/exhibit991q3fy26.htm,Non-GAAP operating income $155 - $165 million $900 - $910 million,FY column,found,True
logitech,2026-05-05,Q1FY2027,sales_usdm,1190.0,1215.0,initial,https://www.sec.gov/Archives/edgar/data/1032975/000103297526000014/exhibit991q4fy26.htm,"Sales $1,190 - $1,215 million",,found,True
logitech,2026-07-28,Q2FY2027,sales_usdm,1185.0,1220.0,initial,https://www.sec.gov/Archives/edgar/data/1032975/000103297526000047/exhibit991q1fy27.htm,"Sales $1,185 - $1,220 million",includes ~$20m supplier-incident headwind,found,True
logitech,2019-04-30,FY2019,sales_growth_cc_pct,10.0,10.0,actual,https://www.sec.gov/Archives/edgar/data/1032975/000103297519000017/exhibit991q4fy19.htm,"up 9 percent in US dollars and 10 percent in constant currency compared to the prior year, the sixth consecutive year of growth",,found,True
logitech,2019-04-30,FY2019,op_income_usdm,352.0,352.0,actual,https://www.sec.gov/Archives/edgar/data/1032975/000103297519000017/exhibit991q4fy19.htm,Non-GAAP operating income grew 23 percent to $352 million,,found,True
logitech,2020-05-12,FY2020,sales_growth_cc_pct,9.0,9.0,actual,https://www.sec.gov/Archives/edgar/data/1032975/000103297520000011/exhibit991q4fy20.htm,"Sales were Logitech’s highest ever at $2.98 billion, up 7 percent in US dollars and 9 percent in constant currency",,found,True
logitech,2020-05-12,FY2020,op_income_usdm,387.0,387.0,actual,https://www.sec.gov/Archives/edgar/data/1032975/000103297520000011/exhibit991q4fy20.htm,Non-GAAP operating income grew 10 percent to $387 million,,found,True
logitech,2021-04-29,FY2021,sales_growth_cc_pct,74.0,74.0,actual,https://www.sec.gov/Archives/edgar/data/1032975/000103297521000012/exhibit991q4fy21ng.htm,"Sales were Logitech’s highest ever at $5.25 billion, up 76 percent in US dollars and 74 percent in constant currency",,found,True
logitech,2021-04-29,FY2021,op_income_usdm,1270.0,1270.0,actual,https://www.sec.gov/Archives/edgar/data/1032975/000103297521000012/exhibit991q4fy21ng.htm,Non-GAAP operating income grew 229 percent to $1.27 billion,,found,True
logitech,2022-05-03,FY2022,sales_growth_cc_pct,4.0,4.0,actual,https://www.sec.gov/Archives/edgar/data/1032975/000103297522000008/exhibit991q4fy22ng.htm,"Sales were Logitech’s highest ever at $5.48 billion, up 4 percent in US dollars and 4 percent in constant currency",,found,True
logitech,2022-05-03,FY2022,op_income_usdm,904.0,904.0,actual,https://www.sec.gov/Archives/edgar/data/1032975/000103297522000008/exhibit991q4fy22ng.htm,Non-GAAP operating income declined 29 percent to $904 million,,found,True
logitech,2023-05-02,FY2023,sales_growth_cc_pct,-13.0,-13.0,actual,https://www.sec.gov/Archives/edgar/data/1032975/000103297523000015/exhibit991q4fy23.htm,"Sales were $4.54 billion, down 17 percent in US dollars and 13 percent in constant currency",,found,True
logitech,2023-05-02,FY2023,op_income_usdm,589.0,589.0,actual,https://www.sec.gov/Archives/edgar/data/1032975/000103297523000015/exhibit991q4fy23.htm,Non-GAAP operating income was $589 million,,found,True
logitech,2023-05-02,FY2023,sales_usdm,4540.0,4540.0,actual,https://www.sec.gov/Archives/edgar/data/1032975/000103297523000015/exhibit991q4fy23.htm,"Sales were $4.54 billion, down 17 percent in US dollars",,found,True
logitech,2023-10-24,H1FY2024,sales_usdm,2032.0,2032.0,actual,https://www.sec.gov/Archives/edgar/data/1032975/000103297523000075/exhibit991q2fy24.htm,Sales $1.875 - $1.975 billion $2.032 billion,,found,True
logitech,2023-10-24,H1FY2024,op_income_usdm,292.0,292.0,actual,https://www.sec.gov/Archives/edgar/data/1032975/000103297523000075/exhibit991q2fy24.htm,Non-GAAP operating income $180 - $220 million $292 million,,found,True
logitech,2024-04-30,FY2024,sales_usdm,4300.0,4300.0,actual,https://www.sec.gov/Archives/edgar/data/1032975/000103297524000015/exhibit991q4fy24.htm,"Sales were $4.30 billion, down 5 percent in US dollars",,found,True
logitech,2024-04-30,FY2024,op_income_usdm,699.0,699.0,actual,https://www.sec.gov/Archives/edgar/data/1032975/000103297524000015/exhibit991q4fy24.htm,Non-GAAP operating income was $699 million,,found,True
logitech,2025-04-29,FY2025,sales_usdm,4550.0,4550.0,actual,https://www.sec.gov/Archives/edgar/data/1032975/000103297525000022/exhibit991q4fy25.htm,"Sales were $4.55 billion, up 6 percent in US dollars",,found,True
logitech,2025-04-29,FY2025,op_income_usdm,775.0,775.0,actual,https://www.sec.gov/Archives/edgar/data/1032975/000103297525000022/exhibit991q4fy25.htm,Non-GAAP operating income was $775 million,,found,True
logitech,2026-05-05,FY2026,sales_usdm,4840.0,4840.0,actual,https://www.sec.gov/Archives/edgar/data/1032975/000103297526000014/exhibit991q4fy26.htm,"Sales were $4.84 billion, up 6 percent in US dollars",,found,True
logitech,2026-05-05,FY2026,op_income_usdm,911.0,911.0,actual,https://www.sec.gov/Archives/edgar/data/1032975/000103297526000014/exhibit991q4fy26.htm,Non-GAAP operating income was $911 million,,found,True
