target,actual,last_quarter,excess_t_1,delta_t,t_stat_t,n_peer_rows,term_pts,with_term,err_last_quarter,err_with_term
2020Q2,51.9,51.9,0.0,-0.007,-0.028,382,-0.0,51.9,0.0,0.0
2020Q3,54.1,51.9,0.0,-0.039,-0.17,394,-0.0,51.9,-2.2,-2.2
2020Q4,52.8,54.1,0.0,-0.035,-0.155,406,-0.0,54.1,1.3,1.3
2021Q1,50.2,52.8,0.0,-0.069,-0.309,418,-0.0,52.8,2.6,2.6
2021Q2,50.9,50.2,0.0,-0.088,-0.399,429,-0.0,50.2,-0.7,-0.7
2021Q3,53.1,50.9,0.0,-0.141,-0.637,441,-0.0,50.9,-2.2,-2.2
2021Q4,58.9,53.1,0.0,-0.189,-0.851,452,-0.0,53.1,-5.8,-5.8
2022Q1,59.7,58.9,0.0,-0.251,-1.111,464,-0.0,58.9,-0.8,-0.8
2022Q2,55.4,59.7,0.0,-0.299,-1.322,475,-0.0,59.7,4.3,4.3
2022Q3,57.3,55.4,0.0,-0.285,-1.286,487,-0.0,55.4,-1.9,-1.9
2022Q4,52.7,57.3,0.0,-0.274,-1.257,499,-0.0,57.3,4.6,4.6
2023Q1,53.3,52.7,1.0,-0.198,-0.871,511,-0.198,52.502,-0.6,-0.798
2023Q2,53.0,53.3,1.0,-0.249,-1.103,522,-0.249,53.051,0.3,0.051
2023Q3,50.5,53.0,1.0,-0.266,-1.205,534,-0.266,52.734,2.5,2.234
2023Q4,52.0,50.5,1.0,-0.267,-1.24,546,-0.267,50.233,-1.5,-1.767
2024Q1,48.0,52.0,1.0,-0.357,-1.564,557,-0.357,51.643,4.0,3.643
2024Q2,49.8,48.0,1.0,-0.419,-1.812,568,-0.419,47.581,-1.8,-2.219
2024Q3,49.5,49.8,1.0,-0.369,-1.592,580,-0.369,49.431,0.3,-0.069
2024Q4,49.1,49.5,0.0,-0.337,-1.476,592,-0.0,49.5,0.4,0.4
2025Q1,49.5,49.1,1.0,-0.29,-1.266,604,-0.29,48.81,-0.4,-0.69
2025Q2,50.7,49.5,1.0,-0.258,-1.137,615,-0.258,49.242,-1.2,-1.458
2025Q3,51.9,50.7,1.0,-0.232,-1.033,626,-0.232,50.468,-1.2,-1.432
2025Q4,52.0,51.9,0.0,-0.204,-0.918,638,-0.0,51.9,-0.1,-0.1
2026Q1,52.1,52.0,0.0,-0.204,-0.937,650,-0.0,52.0,-0.1,-0.1
2026Q2,53.1,52.1,0.0,-0.222,-1.033,662,-0.0,52.1,-1.0,-1.0
