target,benchmark_gb_usdm,event_usdm,model,role,point,low,high,wf_rmse_usdm,spec_hash,data_hash,logged_on,actual_usdm,scored_on,abs_error_usdm,benchmark_abs_error_usdm,closer_than_benchmark
2026Q4,221.1,-0.87,GR,forecast,222.4,186.5,258.4,28.0,a5e2096978,c33b808675,2026-09-27,,,,,
2026Q4,221.1,-0.87,CH,challenger,212.2,163.0,261.4,38.4,a5e2096978,c33b808675,2026-09-27,,,,,
2026Q4,221.1,-0.87,GR,forecast,222.4,186.5,258.4,28.0,3b3f6a1ad3,c33b808675,2026-09-27,,,,,
2026Q4,221.1,-0.87,CH,challenger,212.2,163.0,261.4,38.4,3b3f6a1ad3,c33b808675,2026-09-27,,,,,
2026Q4,221.1,-0.87,GR,forecast,222.4,186.5,258.4,28.0,529b8a57c5,c33b808675,2026-09-27,,,,,
2026Q4,221.1,-0.87,CH,challenger,212.2,163.0,261.4,38.4,529b8a57c5,c33b808675,2026-09-27,,,,,
2026Q4,221.1,-0.87,GRi,forecast,208.9,206.1,213.7,,d624e1d73f,c33b808675,2026-09-27,,,,,
2026Q4,221.1,-0.87,GR,challenger,222.4,186.5,258.4,28.0,d624e1d73f,c33b808675,2026-09-27,,,,,
2026Q4,221.1,-0.87,CH,challenger,212.2,163.0,261.4,38.4,d624e1d73f,c33b808675,2026-09-27,,,,,
2026Q4,221.1,-0.87,GRi,forecast,208.9,176.2,241.6,25.4,5a69f7585d,c33b808675,2026-09-27,,,,,
2026Q4,221.1,-0.87,GR,challenger,222.4,186.5,258.4,28.0,5a69f7585d,c33b808675,2026-09-27,,,,,
2026Q4,221.1,-0.87,CH,challenger,212.2,163.0,261.4,38.4,5a69f7585d,c33b808675,2026-09-27,,,,,
2026Q4,221.1,-0.87,GRi,forecast,208.9,176.2,241.6,25.4,2556524e3c,c33b808675,2026-09-27,,,,,
2026Q4,221.1,-0.87,GR,challenger,222.4,186.5,258.4,28.0,2556524e3c,c33b808675,2026-09-27,,,,,
2026Q4,221.1,-0.87,CH,challenger,212.2,163.0,261.4,38.4,2556524e3c,c33b808675,2026-09-27,,,,,
2026Q4,221.1,-0.87,GRi,forecast,208.9,176.2,241.6,25.4,7d1c1f7956,c33b808675,2026-09-27,,,,,
2026Q4,221.1,-0.87,GR,challenger,222.4,186.5,258.4,28.0,7d1c1f7956,c33b808675,2026-09-27,,,,,
2026Q4,221.1,-0.87,CH,challenger,212.2,163.0,261.4,38.4,7d1c1f7956,c33b808675,2026-09-27,,,,,
2026Q4,221.1,-0.87,GRi,forecast,208.9,176.2,241.6,25.4,9c07197270,c33b808675,2026-09-27,,,,,
2026Q4,221.1,-0.87,GR,challenger,222.4,186.5,258.4,28.0,9c07197270,c33b808675,2026-09-27,,,,,
2026Q4,221.1,-0.87,CH,challenger,212.2,163.0,261.4,38.4,9c07197270,c33b808675,2026-09-27,,,,,
2026Q4,221.1,-0.87,GRi,forecast,208.9,176.2,241.6,25.4,138d9a0d23,c33b808675,2026-09-27,,,,,
2026Q4,221.1,-0.87,GR,challenger,222.4,186.5,258.4,28.0,138d9a0d23,c33b808675,2026-09-27,,,,,
2026Q4,221.1,-0.87,CH,challenger,212.2,163.0,261.4,38.4,138d9a0d23,c33b808675,2026-09-27,,,,,
2026Q4,221.1,-0.87,GRi,forecast,208.9,176.2,241.6,25.4,fb2920d92a,c33b808675,2026-09-27,,,,,
2026Q4,221.1,-0.87,GR,challenger,222.4,186.5,258.4,28.0,fb2920d92a,c33b808675,2026-09-27,,,,,
2026Q4,221.1,-0.87,CH,challenger,212.2,163.0,261.4,38.4,fb2920d92a,c33b808675,2026-09-27,,,,,
2026Q4,221.1,-0.87,GRi,forecast,208.9,176.2,241.6,25.4,de2bc9605e,fd34042151,2026-09-28,,,,,
2026Q4,221.1,-0.87,GR,challenger,222.4,186.5,258.4,28.0,de2bc9605e,fd34042151,2026-09-28,,,,,
2026Q4,221.1,-0.87,CH,challenger,212.2,163.0,261.4,38.4,de2bc9605e,fd34042151,2026-09-28,,,,,
