id,watch,source,next_reading,reading_key,trigger,conclusion_tested,action_if_triggered
W1,Nordic Q3 revenue and gross margin,Nordic Q3 report,22 Oct 2026,,revenue outside {NORDIC_REV_RANGE} or GM outside {NORDIC_GM_RANGE}%,Nordic Q3 = {NORDIC_REV} ({NORDIC_REV_RANGE}); GM {NORDIC_GM}%,"score the forecast; fill actual_usdm in steps/step7_forecast/outputs/challenger_prereg_log.csv (F16 pooled, rule before F30, F31 own words) and steps/step6_backtest/outputs/composite_prereg_log.csv"
W2,Nordic distributor-inventory language,Nordic Q3 report / call,22 Oct 2026,nordic_dist_state,a beat delivered with 'distributor inventory increased',the Q3 beat is not borrowed from Q4 (pull-ins),move the Nordic Q4 view toward the Q3-restock-pays-back scenario; the F31 challenger is scored
W3,Nordic own inventory days,Nordic Q3 report,22 Oct 2026,nordic_inv_days,above {NORDIC_INV_DAYS_AMBER} days with flat revenue,the nRF54 build is planned; demand is not below plan,treat the build as a demand shortfall
W4,Live gauge: nRF54L15 / nRF5340 / nRF52840 authorized stock and lead time,findchips (./run.sh --live),on demand before each print,gauge,lead time above {SHORTAGE_LEAD_WEEKS} weeks (D24: Nordic's state turns to shortage) or like-for-like stock down 50%,no capacity squeeze behind Q3 (pull-in risk),"the shortage state applies at the next run; weigh the Q4 payback scenario (pull-in line stays 0, F19)"
W5,Logitech Q2 FY27 sales and gross margin,Logitech Q2 FY27 report,~27 Oct 2026,,sales outside {LOGI_REV_RANGE} or non-GAAP GM outside {LOGI_GM_RANGE}%,Logitech Q2 FY27 = {LOGI_REV}; GM {LOGI_GM}%,score the forecast
W6,Logitech supplier-incident impact,Logitech Q2 FY27 report / call,~27 Oct 2026,,Q3 FY27 sell-in hit above USD 200m or widened to more categories,"the incident costs Nordic about USD {INCIDENT_NORDIC_Q3}m in Q3 beyond what its guide holds (step 7c, through the graph)",cut Nordic Q4 / Q1 through the Logitech path
W7,Logitech sell-through minus sell-in and channel weeks vs target,Logitech call; step 3 channel index,~27 Oct 2026,logi_st_gap,sell-in above sell-through while the channel is above target,a lean Logitech channel supports sell-in beyond the guided quarter (K4),"drop the refill from the step-3 cross-checks (no forecast line holds it, F29)"
W9,GN Enterprise organic growth and tariff refund,GN Q3 report,5 Nov 2026,gn_enterprise_org,Enterprise organic below 0% or no tariff refund in Q3,GN adj. EBITA margin {GN_EBITA}% ({GN_EBITA_EX_REFUND}% ex refund),cut the GN margin to the ex-refund path
W10,Microchip distributor days,Microchip 10-Q (quarter to Sep),early Nov 2026 (10-Q),mchp_disti_days,up {BUILDING_DAYS} days or more over {STATE_QUARTERS} quarters (step 3b: the state turns building),the component channel is lean (industry factor),the building state applies at the next run: Nordic's own building effect ({NORDIC_BUILDING_EFFECT} pts) enters its expected guide error (F20)
W11,Arrow / Avnet inventory days,Arrow / Avnet 10-Q (quarter to Sep),late Oct - Nov 2026,comp_dist_dio,up 5 days or more on the quarter,Nordic's distributors restock from a lean base,treat the restock as largely done
W12,Ingram / TD Synnex inventory days (revenue vs guide as context),Ingram Q3 report; TD Synnex FQ4 report,Nov 2026; Jan 2027,dist_days,inventory days up {DIST_DAYS_CHANGE} on the quarter,channel posture supports sell-in,none directly (distributor dollars are context only); re-read W7
W13,Amazon Best Sellers Rank of the basket (MX Master 3S / G502 X / Arctis Nova 7 / Evolve2 65),manual reading of amazon.com / .co.uk / .de product pages (no free history; not scraped),before each print,,a basket SKU drops out of its category top 20,sell-out holds into the holiday quarter,qualitative flag only (no history to test)
W14,"Nordic Q3 challengers (F16 pooled, rule before F30, F31 own words, composite; all pre-registered)",steps/step7_forecast/outputs/challenger_prereg_log.csv; steps/step6_backtest/outputs/composite_prereg_log.csv,after 22 Oct 2026,,a challenger closer to the actual than the forecast of record ({NORDIC_REV}),"the forecast of record (own record by channel state, F20/F30) is the better Nordic forecast",log the score; adoption still needs the pre-set gate over more prints
W15,"Nordic Q4 2026 revenue (pre-registered: GRi forecast since F26; GR, CH and CYC challengers)",Nordic Q4 report (early Feb 2027); steps/step7_forecast/outputs/q4_prereg_log.csv,early Feb 2027,,GRi (or a challenger) closer to the actual than the guide-anchored benchmark carried forward (GB),"the chain helps one quarter past the guide (GRi 0.54x the benchmark's error on 9 walk-forward quarters, GR 0.59x; the GRi choice was post-hoc); GRi forecasts, CH explains","fill actual_usdm with prereg_q4.score() and in steps/step5_supply_graph/outputs/cycle_challenger_prereg_log.csv (CYC, check_on 2027-02-05); if GRi and GR both lose to GB, drop the graph from the h=2 forecast"
W16,"Logitech supply-side ODM nowcast (pre-registered challenger, F28)",Logitech Q2 FY27 report; steps/step7_forecast/outputs/logitech_odm_prereg_log.csv; Merry / Chicony September revenue (~10 Oct),~10 Oct 2026 (ODM September revenue); ~27 Oct 2026 (Logitech print),,the ODM nowcast closer to Logitech's actual than the forecast of record ({LOGI_REV}),Logitech's guide already holds what its ODMs build (F29: guide method only),"fill actual_usdm in logitech_odm_prereg_log.csv; if the ODM nowcast wins again at the next print, bring it to the chain-weight test"
