quarter,guide_mid_usdm,g,peer_median_g,rel_raw,rel_seasonal,rel_consumer_heavy,guide_width_pct,last_beat,x_channel,beat
2021Q2,145.0,1.257,2.323,-1.066,,2.298,6.897,,1.343,1.793
2021Q3,140.0,-5.149,2.401,-7.55,,-7.209,14.286,1.793,0.672,6.071
2021Q4,160.0,7.744,1.05,6.694,,6.347,12.5,6.071,0.336,7.0
2022Q1,180.0,5.14,3.877,1.263,,0.255,11.111,7.0,-0.0,1.722
2022Q2,200.0,9.23,4.371,4.859,8.494,3.14,10.0,1.722,0.672,0.1
2022Q3,200.0,-0.1,2.193,-2.293,4.518,-2.293,10.0,0.1,-0.672,1.05
2022Q4,200.0,-1.039,-5.914,4.875,-5.529,6.306,10.0,1.05,-0.0,-4.3
2023Q1,150.0,-21.63,-5.432,-16.198,-15.232,-7.663,13.333,-4.3,-1.007,-3.067
2023Q2,150.0,3.164,1.31,1.854,-1.582,4.698,13.333,-3.067,-0.672,2.8
2023Q3,155.0,0.519,0.419,0.099,2.314,18.841,12.903,2.8,-1.679,-12.903
2023Q4,120.0,-11.111,-8.352,-2.759,-0.62,17.182,16.667,-12.903,-2.015,-9.833
2024Q1,75.0,-30.684,-8.963,-21.721,-2.46,-31.235,13.333,-9.833,-0.672,-0.667
2024Q2,125.0,67.785,4.381,63.404,62.272,53.266,16.0,-0.667,-1.343,2.32
2024Q3,160.0,25.098,3.933,21.164,30.297,16.809,12.5,2.32,-0.672,-0.75
2024Q4,140.0,-11.839,-4.215,-7.624,2.493,-11.601,14.286,-0.75,1.007,7.286
2025Q1,150.0,-0.133,-0.334,0.2,31.845,-3.207,13.333,7.286,1.007,3.4
2025Q2,155.0,-0.064,3.711,-3.776,-71.613,-9.039,12.903,3.4,1.343,5.871
2025Q3,175.0,6.642,5.067,1.575,-16.006,0.339,11.429,5.871,1.343,2.286
2025Q4,165.0,-7.821,0.556,-8.377,-2.881,-8.55,12.121,2.286,0.672,2.727
2026Q1,185.0,9.145,2.446,6.699,2.656,,10.811,2.727,-0.336,4.0
2026Q2,210.0,9.148,8.354,0.793,1.678,,9.524,4.0,0.672,4.095
2026Q3,230.0,5.215,8.0,-2.785,-6.493,-11.42,8.696,4.095,,
