company,n,b,se,x_rho1,n_eff_x
NORDIC,20,3.6728,0.8891,0.6429,4.3477
adi,51,0.7575,1.0752,0.5197,16.1177
alpha_omega,32,0.5297,0.6337,0.4094,13.4108
lattice,47,0.8041,0.7223,0.4994,15.6928
maxlinear,46,0.2793,0.7038,0.551,13.3154
microchip,46,0.7422,0.4881,0.5152,14.7177
monolithic_power,53,0.1408,0.6965,0.5379,15.9268
nxp,25,-0.7364,0.819,0.6553,5.2054
onsemi,54,-0.2446,0.4251,0.5026,17.8763
power_integrations,50,0.7704,0.7048,0.5437,14.78
semtech,54,0.5654,0.5078,0.5148,17.2966
silabs,49,-0.169,0.3528,0.5005,16.3123
