quarter,CYC_total,CH_total,actual_total,GRi_total,GR_total,GRi_minus_CH,GR_minus_CH,CYC_minus_CH,actual_minus_CH
2024Q2,111.02,94.08,127.9,135.01,123.97,40.92,29.88,16.93,33.82
2024Q3,107.84,114.83,158.8,146.26,130.76,31.43,15.93,-6.99,43.97
2024Q4,107.87,126.34,150.2,140.1,130.63,13.76,4.29,-18.47,23.86
2025Q1,73.1,92.79,155.1,95.88,91.19,3.09,-1.61,-19.69,62.31
2025Q2,166.4,236.5,164.1,196.36,198.65,-40.14,-37.85,-70.1,-72.4
2025Q3,165.12,187.06,179.0,200.61,196.62,13.55,9.56,-21.94,-8.06
2025Q4,154.15,164.42,169.5,188.17,183.76,23.76,19.34,-10.26,5.09
2026Q1,168.65,169.87,192.4,187.59,188.76,17.72,18.89,-1.22,22.53
2026Q2,184.77,193.46,218.6,207.75,209.64,14.3,16.18,-8.69,25.14
