edge_id,anchor,anchor_weeks,lag_high_weeks,check,lag_grade
E01,arrow_avnet_weeks,8.73,8.0,ok,C
E02,nrf54_leadtime_weeks,16.0,10.0,ok,C
E03,logi_inhouse_weeks,25.46,19.5,ok,C
E05,logi_stock_inhouse_weeks,11.46,11.5,ok,C
E06,nrf54_leadtime_weeks,16.0,10.0,ok,C
E08,logi_inv_weeks,9.46,9.5,ok,C
E10,gn_inv_weeks,23.02,12.0,ok,C
E11,amazon_weeks,5.2,4.0,ok,C
E12,ingram_weeks,5.78,5.8,ok,C
E13,tdsynnex_weeks,9.9,6.0,ok,C
E14,retail_weeks,11.03,4.0,ok,C
E15,reseller_weeks,2.44,2.5,ok,C
E16,amazon_weeks,5.2,4.0,ok,C
E17,reseller_weeks,2.44,2.5,ok,C
E18,amazon_weeks,5.2,4.0,ok,C
E19,amazon_weeks,5.2,4.0,ok,C
E20,ingram_weeks,5.78,5.8,ok,C
E21,tdsynnex_weeks,9.9,6.0,ok,C
E22,retail_weeks,11.03,4.0,ok,C
