quarter,node,metric,value
2020Q1,nordic,cover_weeks,
2020Q1,nordic_distributors,cover_weeks,8.564285714285715
2020Q1,logitech,cover_weeks,
2020Q1,ingram,cover_weeks,
2020Q1,tdsynnex,cover_weeks,9.23461053048209
2020Q1,amazon,cover_weeks,5.55425049790348
2020Q1,other_retail,cover_weeks,7.890193594491002
2020Q1,gn,cover_weeks,
2020Q1,nordic,flow_yoy,
2020Q1,logitech,flow_yoy,
2020Q1,gn,flow_yoy,
2020Q1,ingram,flow_yoy,
2020Q1,tdsynnex,flow_yoy,
2020Q1,consumers,flow_yoy,
2020Q1,logitech,channel_weeks,
2020Q1,gn,channel_weeks,
2020Q1,nordic_distributors,state,
2020Q1,logitech,st_gap,
2020Q1,nordic,backlog_cover,
2020Q1,all,regime,normal
2020Q1,all,cycle_state,lean
2020Q2,nordic,cover_weeks,
2020Q2,nordic_distributors,cover_weeks,8.639999999999999
2020Q2,logitech,cover_weeks,
2020Q2,ingram,cover_weeks,
2020Q2,tdsynnex,cover_weeks,9.42288019037179
2020Q2,amazon,cover_weeks,4.85163243991102
2020Q2,other_retail,cover_weeks,7.0570306656694095
2020Q2,gn,cover_weeks,
2020Q2,nordic,flow_yoy,
2020Q2,logitech,flow_yoy,
2020Q2,gn,flow_yoy,
2020Q2,ingram,flow_yoy,
2020Q2,tdsynnex,flow_yoy,
2020Q2,consumers,flow_yoy,
2020Q2,logitech,channel_weeks,
2020Q2,gn,channel_weeks,
2020Q2,nordic_distributors,state,
2020Q2,logitech,st_gap,
2020Q2,nordic,backlog_cover,
2020Q2,all,regime,normal
2020Q2,all,cycle_state,normal
2020Q3,nordic,cover_weeks,
2020Q3,nordic_distributors,cover_weeks,7.835714285714286
2020Q3,logitech,cover_weeks,
2020Q3,ingram,cover_weeks,
2020Q3,tdsynnex,cover_weeks,7.3718709268929885
2020Q3,amazon,cover_weeks,5.418041511775095
2020Q3,other_retail,cover_weeks,10.734532220925464
2020Q3,gn,cover_weeks,
2020Q3,nordic,flow_yoy,
2020Q3,logitech,flow_yoy,
2020Q3,gn,flow_yoy,
2020Q3,ingram,flow_yoy,
2020Q3,tdsynnex,flow_yoy,
2020Q3,consumers,flow_yoy,
2020Q3,logitech,channel_weeks,
2020Q3,gn,channel_weeks,
2020Q3,nordic_distributors,state,
2020Q3,logitech,st_gap,
2020Q3,nordic,backlog_cover,
2020Q3,all,regime,supply_constrained
2020Q3,all,cycle_state,normal
2020Q4,nordic,cover_weeks,
2020Q4,nordic_distributors,cover_weeks,7.261428571428572
2020Q4,logitech,cover_weeks,
2020Q4,ingram,cover_weeks,
2020Q4,tdsynnex,cover_weeks,6.082849866011666
2020Q4,amazon,cover_weeks,3.9123255818143816
2020Q4,other_retail,cover_weeks,5.461880586189978
2020Q4,gn,cover_weeks,
2020Q4,nordic,flow_yoy,
2020Q4,logitech,flow_yoy,
2020Q4,gn,flow_yoy,
2020Q4,ingram,flow_yoy,
2020Q4,tdsynnex,flow_yoy,
2020Q4,consumers,flow_yoy,
2020Q4,logitech,channel_weeks,
2020Q4,gn,channel_weeks,
2020Q4,nordic_distributors,state,
2020Q4,logitech,st_gap,
2020Q4,nordic,backlog_cover,
2020Q4,all,regime,supply_constrained
2020Q4,all,cycle_state,shortage
2021Q1,nordic,cover_weeks,11.113888915598547
2021Q1,nordic_distributors,cover_weeks,7.0
2021Q1,logitech,cover_weeks,
2021Q1,ingram,cover_weeks,
2021Q1,tdsynnex,cover_weeks,7.191526565312815
2021Q1,amazon,cover_weeks,4.981951989487684
2021Q1,other_retail,cover_weeks,8.358812085695073
2021Q1,gn,cover_weeks,8.775458264116624
2021Q1,nordic,flow_yoy,
2021Q1,logitech,flow_yoy,116.56796390298929
2021Q1,gn,flow_yoy,
2021Q1,ingram,flow_yoy,
2021Q1,tdsynnex,flow_yoy,21.024258760107806
2021Q1,consumers,flow_yoy,116.56796390298929
2021Q1,logitech,channel_weeks,
2021Q1,gn,channel_weeks,
2021Q1,nordic_distributors,state,1.0
2021Q1,logitech,st_gap,
2021Q1,nordic,backlog_cover,5.604748603351956
2021Q1,all,regime,supply_constrained
2021Q1,all,cycle_state,shortage
2021Q2,nordic,cover_weeks,8.184240447292456
2021Q2,nordic_distributors,cover_weeks,7.738571428571428
2021Q2,logitech,cover_weeks,13.76404175488038
2021Q2,ingram,cover_weeks,
2021Q2,tdsynnex,cover_weeks,6.331315967663569
2021Q2,amazon,cover_weeks,4.899158452648075
2021Q2,other_retail,cover_weeks,9.254362050163577
2021Q2,gn,cover_weeks,11.47995591332339
2021Q2,nordic,flow_yoy,
2021Q2,logitech,flow_yoy,65.69011238792777
2021Q2,gn,flow_yoy,
2021Q2,ingram,flow_yoy,
2021Q2,tdsynnex,flow_yoy,30.998233017960608
2021Q2,consumers,flow_yoy,68.69011238792777
2021Q2,logitech,channel_weeks,
2021Q2,gn,channel_weeks,
2021Q2,nordic_distributors,state,1.0
2021Q2,logitech,st_gap,3.0
2021Q2,nordic,backlog_cover,8.486449864498645
2021Q2,all,regime,supply_constrained
2021Q2,all,cycle_state,shortage
2021Q3,nordic,cover_weeks,9.714107262081678
2021Q3,nordic_distributors,cover_weeks,7.707142857142857
2021Q3,logitech,cover_weeks,14.240881344631868
2021Q3,ingram,cover_weeks,
2021Q3,tdsynnex,cover_weeks,7.633663149599404
2021Q3,amazon,cover_weeks,6.407655331320514
2021Q3,other_retail,cover_weeks,12.241377282138151
2021Q3,gn,cover_weeks,10.90984662533498
2021Q3,nordic,flow_yoy,
2021Q3,logitech,flow_yoy,3.90550429525931
2021Q3,gn,flow_yoy,
2021Q3,ingram,flow_yoy,
2021Q3,tdsynnex,flow_yoy,-1.8713251922206964
2021Q3,consumers,flow_yoy,6.90550429525931
2021Q3,logitech,channel_weeks,
2021Q3,gn,channel_weeks,
2021Q3,nordic_distributors,state,1.0
2021Q3,logitech,st_gap,3.0
2021Q3,nordic,backlog_cover,8.85925925925926
2021Q3,all,regime,supply_constrained
2021Q3,all,cycle_state,shortage
2021Q4,nordic,cover_weeks,10.170951779988888
2021Q4,nordic_distributors,cover_weeks,7.984285714285714
2021Q4,logitech,cover_weeks,11.216096506701604
2021Q4,ingram,cover_weeks,
2021Q4,tdsynnex,cover_weeks,5.9036239477895185
2021Q4,amazon,cover_weeks,5.1365451111935085
2021Q4,other_retail,cover_weeks,5.957557134100959
2021Q4,gn,cover_weeks,11.59952039052347
2021Q4,nordic,flow_yoy,
2021Q4,logitech,flow_yoy,-2.0692136987944587
2021Q4,gn,flow_yoy,
2021Q4,ingram,flow_yoy,
2021Q4,tdsynnex,flow_yoy,
2021Q4,consumers,flow_yoy,-0.06921369879445871
2021Q4,logitech,channel_weeks,
2021Q4,gn,channel_weeks,
2021Q4,nordic_distributors,state,1.0
2021Q4,logitech,st_gap,2.0
2021Q4,nordic,backlog_cover,9.852219626168225
2021Q4,all,regime,supply_constrained
2021Q4,all,cycle_state,shortage
2022Q1,nordic,cover_weeks,11.076664038204532
2022Q1,nordic_distributors,cover_weeks,8.075714285714286
2022Q1,logitech,cover_weeks,16.620379859260776
2022Q1,ingram,cover_weeks,
2022Q1,tdsynnex,cover_weeks,7.0864447772074834
2022Q1,amazon,cover_weeks,6.8584570552081345
2022Q1,other_retail,cover_weeks,9.835724620207378
2022Q1,gn,cover_weeks,17.303870460979745
2022Q1,nordic,flow_yoy,28.226652675760768
2022Q1,logitech,flow_yoy,-19.916661240966217
2022Q1,gn,flow_yoy,
2022Q1,ingram,flow_yoy,
2022Q1,tdsynnex,flow_yoy,
2022Q1,consumers,flow_yoy,-19.916661240966217
2022Q1,logitech,channel_weeks,
2022Q1,gn,channel_weeks,
2022Q1,nordic_distributors,state,1.0
2022Q1,logitech,st_gap,0.0
2022Q1,nordic,backlog_cover,8.395412342981977
2022Q1,all,regime,supply_constrained
2022Q1,all,cycle_state,shortage
2022Q2,nordic,cover_weeks,9.343635224480836
2022Q2,nordic_distributors,cover_weeks,8.818571428571428
2022Q2,logitech,cover_weeks,17.183901321542496
2022Q2,ingram,cover_weeks,6.471877765214827
2022Q2,tdsynnex,cover_weeks,7.680816982374898
2022Q2,amazon,cover_weeks,7.487528711653275
2022Q2,other_retail,cover_weeks,9.79542668845703
2022Q2,gn,cover_weeks,16.281514904721874
2022Q2,nordic,flow_yoy,34.75479744136463
2022Q2,logitech,flow_yoy,-11.599725630668377
2022Q2,gn,flow_yoy,
2022Q2,ingram,flow_yoy,
2022Q2,tdsynnex,flow_yoy,
2022Q2,consumers,flow_yoy,-11.599725630668377
2022Q2,logitech,channel_weeks,
2022Q2,gn,channel_weeks,
2022Q2,nordic_distributors,state,1.0
2022Q2,logitech,st_gap,0.0
2022Q2,nordic,backlog_cover,6.966533466533467
2022Q2,all,regime,supply_constrained
2022Q2,all,cycle_state,shortage
2022Q3,nordic,cover_weeks,13.398749397634637
2022Q3,nordic_distributors,cover_weeks,9.172857142857142
2022Q3,logitech,cover_weeks,16.260320646233335
2022Q3,ingram,cover_weeks,6.5269365189920645
2022Q3,tdsynnex,cover_weeks,8.8063291452315
2022Q3,amazon,cover_weeks,6.79854018085859
2022Q3,other_retail,cover_weeks,11.51817080557238
2022Q3,gn,cover_weeks,21.418551377397197
2022Q3,nordic,flow_yoy,21.22958693563881
2022Q3,logitech,flow_yoy,-12.041644338972668
2022Q3,gn,flow_yoy,
2022Q3,ingram,flow_yoy,
2022Q3,tdsynnex,flow_yoy,
2022Q3,consumers,flow_yoy,-14.041644338972668
2022Q3,logitech,channel_weeks,
2022Q3,gn,channel_weeks,
2022Q3,nordic_distributors,state,-1.0
2022Q3,logitech,st_gap,-2.0
2022Q3,nordic,backlog_cover,5.406234537357744
2022Q3,all,regime,destock
2022Q3,all,cycle_state,shortage
2022Q4,nordic,cover_weeks,14.701359610960836
2022Q4,nordic_distributors,cover_weeks,9.734285714285715
2022Q4,logitech,cover_weeks,13.186006995002566
2022Q4,ingram,cover_weeks,5.927637880239085
2022Q4,tdsynnex,cover_weeks,7.7821188720418375
2022Q4,amazon,cover_weeks,5.236965787015413
2022Q4,other_retail,cover_weeks,5.6806758311633265
2022Q4,gn,cover_weeks,16.64275325926642
2022Q4,nordic,flow_yoy,-5.3043478260869525
2022Q4,logitech,flow_yoy,-22.225624693777558
2022Q4,gn,flow_yoy,
2022Q4,ingram,flow_yoy,
2022Q4,tdsynnex,flow_yoy,4.078455990212215
2022Q4,consumers,flow_yoy,-24.225624693777558
2022Q4,logitech,channel_weeks,
2022Q4,gn,channel_weeks,
2022Q4,nordic_distributors,state,-1.0
2022Q4,logitech,st_gap,-2.0
2022Q4,nordic,backlog_cover,4.382445141065831
2022Q4,all,regime,destock
2022Q4,all,cycle_state,building
2023Q1,nordic,cover_weeks,24.362125052018396
2023Q1,nordic_distributors,cover_weeks,10.844285714285714
2023Q1,logitech,cover_weeks,14.555798798617891
2023Q1,ingram,cover_weeks,5.945112606609809
2023Q1,tdsynnex,cover_weeks,7.729483444110595
2023Q1,amazon,cover_weeks,6.570641488440311
2023Q1,other_retail,cover_weeks,9.297990003709561
2023Q1,gn,cover_weeks,21.36135959405733
2023Q1,nordic,flow_yoy,-42.88052373158756
2023Q1,logitech,flow_yoy,-21.943089430894304
2023Q1,gn,flow_yoy,
2023Q1,ingram,flow_yoy,-12.884036144578314
2023Q1,tdsynnex,flow_yoy,-2.2301228183581157
2023Q1,consumers,flow_yoy,-16.943089430894304
2023Q1,logitech,channel_weeks,4.078731382147693
2023Q1,gn,channel_weeks,
2023Q1,nordic_distributors,state,-1.0
2023Q1,logitech,st_gap,5.0
2023Q1,nordic,backlog_cover,4.1499312242090785
2023Q1,all,regime,destock
2023Q1,all,cycle_state,building
2023Q2,nordic,cover_weeks,26.60239731292799
2023Q2,nordic_distributors,cover_weeks,10.98
2023Q2,logitech,cover_weeks,12.550091742237356
2023Q2,ingram,cover_weeks,5.885085156846718
2023Q2,tdsynnex,cover_weeks,7.759330047004679
2023Q2,amazon,cover_weeks,6.874975546270575
2023Q2,other_retail,cover_weeks,10.004729244678995
2023Q2,gn,cover_weeks,21.38777629431835
2023Q2,nordic,flow_yoy,-33.22784810126582
2023Q2,logitech,flow_yoy,-15.984136563496865
2023Q2,gn,flow_yoy,-18.147769833163096
2023Q2,ingram,flow_yoy,-7.740334587368924
2023Q2,tdsynnex,flow_yoy,-7.9109364767518064
2023Q2,consumers,flow_yoy,-8.984136563496865
2023Q2,logitech,channel_weeks,2.935238583889174
2023Q2,gn,channel_weeks,
2023Q2,nordic_distributors,state,-1.0
2023Q2,logitech,st_gap,7.0
2023Q2,nordic,backlog_cover,
2023Q2,all,regime,destock
2023Q2,all,cycle_state,building
2023Q3,nordic,cover_weeks,30.86045641601197
2023Q3,nordic_distributors,cover_weeks,12.098571428571429
2023Q3,logitech,cover_weeks,11.331243504481034
2023Q3,ingram,cover_weeks,5.677071234998064
2023Q3,tdsynnex,cover_weeks,7.488260200153965
2023Q3,amazon,cover_weeks,6.15209538535363
2023Q3,other_retail,cover_weeks,13.101551226551225
2023Q3,gn,cover_weeks,19.35549227263221
2023Q3,nordic,flow_yoy,-35.81616481774961
2023Q3,logitech,flow_yoy,-8.006962576153176
2023Q3,gn,flow_yoy,-11.187297004691443
2023Q3,ingram,flow_yoy,-3.2532857374655166
2023Q3,tdsynnex,flow_yoy,-9.084396978379782
2023Q3,consumers,flow_yoy,-4.006962576153176
2023Q3,logitech,channel_weeks,2.140879848628193
2023Q3,gn,channel_weeks,
2023Q3,nordic_distributors,state,-1.0
2023Q3,logitech,st_gap,4.0
2023Q3,nordic,backlog_cover,
2023Q3,all,regime,destock
2023Q3,all,cycle_state,building
2023Q4,nordic,cover_weeks,40.93740372766481
2023Q4,nordic_distributors,cover_weeks,12.178571428571429
2023Q4,logitech,cover_weeks,8.048986538951318
2023Q4,ingram,cover_weeks,5.044965415781793
2023Q4,tdsynnex,cover_weeks,6.9579634214008275
2023Q4,amazon,cover_weeks,4.692705029241933
2023Q4,other_retail,cover_weeks,5.550113476047352
2023Q4,gn,cover_weeks,13.209303064876986
2023Q4,nordic,flow_yoy,-38.10835629017447
2023Q4,logitech,flow_yoy,-1.1339475549255962
2023Q4,gn,flow_yoy,-4.237007613373056
2023Q4,ingram,flow_yoy,2.310231023102305
2023Q4,tdsynnex,flow_yoy,-11.33062530773018
2023Q4,consumers,flow_yoy,-4.133947554925596
2023Q4,logitech,channel_weeks,2.196901632815611
2023Q4,gn,channel_weeks,
2023Q4,nordic_distributors,state,-1.0
2023Q4,logitech,st_gap,-3.0
2023Q4,nordic,backlog_cover,
2023Q4,all,regime,destock
2023Q4,all,cycle_state,building
2024Q1,nordic,cover_weeks,66.49089165867689
2024Q1,nordic_distributors,cover_weeks,12.675714285714287
2024Q1,logitech,cover_weeks,9.654205862570308
2024Q1,ingram,cover_weeks,5.806479591836735
2024Q1,tdsynnex,cover_weeks,7.127477060683168
2024Q1,amazon,cover_weeks,5.590067777141834
2024Q1,other_retail,cover_weeks,10.041516606642658
2024Q1,gn,cover_weeks,
2024Q1,nordic,flow_yoy,-22.349570200573055
2024Q1,logitech,flow_yoy,5.353608999062587
2024Q1,gn,flow_yoy,11.226701343736444
2024Q1,ingram,flow_yoy,-2.0226467283256944
2024Q1,tdsynnex,flow_yoy,-7.60330578512397
2024Q1,consumers,flow_yoy,0.3536089990625868
2024Q1,logitech,channel_weeks,2.550647553138903
2024Q1,gn,channel_weeks,
2024Q1,nordic_distributors,state,-1.0
2024Q1,logitech,st_gap,-5.0
2024Q1,nordic,backlog_cover,
2024Q1,all,regime,destock
2024Q1,all,cycle_state,building
2024Q2,nordic,cover_weeks,34.59634042852382
2024Q2,nordic_distributors,cover_weeks,12.262857142857143
2024Q2,logitech,cover_weeks,9.710085917190707
2024Q2,ingram,cover_weeks,5.766475310370578
2024Q2,tdsynnex,cover_weeks,7.131763527054107
2024Q2,amazon,cover_weeks,6.02609173370507
2024Q2,other_retail,cover_weeks,10.47335760550348
2024Q2,gn,cover_weeks,
2024Q2,nordic,flow_yoy,3.672985781990512
2024Q2,logitech,flow_yoy,11.667521806054392
2024Q2,gn,flow_yoy,12.603993344425968
2024Q2,ingram,flow_yoy,0.13014055179594308
2024Q2,tdsynnex,flow_yoy,-0.8106954913952524
2024Q2,consumers,flow_yoy,8.667521806054392
2024Q2,logitech,channel_weeks,1.6660356552104392
2024Q2,gn,channel_weeks,
2024Q2,nordic_distributors,state,-0.5
2024Q2,logitech,st_gap,-3.0
2024Q2,nordic,backlog_cover,
2024Q2,all,regime,normal
2024Q2,all,cycle_state,building
2024Q3,nordic,cover_weeks,29.503231449449373
2024Q3,nordic_distributors,cover_weeks,12.212857142857143
2024Q3,logitech,cover_weeks,10.876259586874742
2024Q3,ingram,cover_weeks,5.8969951325465155
2024Q3,tdsynnex,cover_weeks,7.289133738601825
2024Q3,amazon,cover_weeks,5.8118773584739225
2024Q3,other_retail,cover_weeks,14.078138588030674
2024Q3,gn,cover_weeks,
2024Q3,nordic,flow_yoy,37.4074074074074
2024Q3,logitech,flow_yoy,5.581835383159883
2024Q3,gn,flow_yoy,-0.8939455505891925
2024Q3,ingram,flow_yoy,-1.35849056603774
2024Q3,tdsynnex,flow_yoy,5.185874937325408
2024Q3,consumers,flow_yoy,3.5818353831598833
2024Q3,logitech,channel_weeks,1.3163082437275986
2024Q3,gn,channel_weeks,-0.5492873563218391
2024Q3,nordic_distributors,state,-0.5
2024Q3,logitech,st_gap,-2.0
2024Q3,nordic,backlog_cover,
2024Q3,all,regime,normal
2024Q3,all,cycle_state,normal
2024Q4,nordic,cover_weeks,29.31048432756699
2024Q4,nordic_distributors,cover_weeks,11.494285714285713
2024Q4,logitech,cover_weeks,8.280770949655256
2024Q4,ingram,cover_weeks,4.936322139460991
2024Q4,tdsynnex,cover_weeks,7.297147006600532
2024Q4,amazon,cover_weeks,4.50996459376729
2024Q4,other_retail,cover_weeks,6.0096651988084435
2024Q4,gn,cover_weeks,
2024Q4,nordic,flow_yoy,43.3234421364985
2024Q4,logitech,flow_yoy,6.754281162883302
2024Q4,gn,flow_yoy,9.540269616315245
2024Q4,ingram,flow_yoy,2.496159754224281
2024Q4,tdsynnex,flow_yoy,9.981259110154795
2024Q4,consumers,flow_yoy,8.754281162883302
2024Q4,logitech,channel_weeks,1.2543161978661495
2024Q4,gn,channel_weeks,-0.46622439024390244
2024Q4,nordic_distributors,state,-0.5
2024Q4,logitech,st_gap,2.0
2024Q4,nordic,backlog_cover,
2024Q4,all,regime,normal
2024Q4,all,cycle_state,drawdown
2025Q1,nordic,cover_weeks,23.98256542979526
2025Q1,nordic_distributors,cover_weeks,12.444285714285714
2025Q1,logitech,cover_weeks,11.501778469780277
2025Q1,ingram,cover_weeks,5.732436006187316
2025Q1,tdsynnex,cover_weeks,8.052207139690514
2025Q1,amazon,cover_weeks,6.073488582712237
2025Q1,other_retail,cover_weeks,10.078520392974099
2025Q1,gn,cover_weeks,
2025Q1,nordic,flow_yoy,63.284132841328415
2025Q1,logitech,flow_yoy,-0.10874938210578833
2025Q1,gn,flow_yoy,-11.028838659392049
2025Q1,ingram,flow_yoy,8.345831495368339
2025Q1,tdsynnex,flow_yoy,3.98568872987477
2025Q1,consumers,flow_yoy,1.8912506178942117
2025Q1,logitech,channel_weeks,1.2238321456848775
2025Q1,gn,channel_weeks,-1.1389435774309724
2025Q1,nordic_distributors,state,0.0
2025Q1,logitech,st_gap,2.0
2025Q1,nordic,backlog_cover,
2025Q1,all,regime,normal
2025Q1,all,cycle_state,drawdown
2025Q2,nordic,cover_weeks,21.89771451668356
2025Q2,nordic_distributors,cover_weeks,11.391428571428571
2025Q2,logitech,cover_weeks,9.804470396074873
2025Q2,ingram,cover_weeks,6.0080958355738785
2025Q2,tdsynnex,cover_weeks,8.117780061664954
2025Q2,amazon,cover_weeks,6.585690154738776
2025Q2,other_retail,cover_weeks,10.466001419894297
2025Q2,gn,cover_weeks,
2025Q2,nordic,flow_yoy,14.628571428571435
2025Q2,logitech,flow_yoy,5.467744899834592
2025Q2,gn,flow_yoy,-14.961211673439234
2025Q2,ingram,flow_yoy,10.856944805476122
2025Q2,tdsynnex,flow_yoy,7.15514769142529
2025Q2,consumers,flow_yoy,5.467744899834592
2025Q2,logitech,channel_weeks,0.3726583601986581
2025Q2,gn,channel_weeks,-1.3919789842381785
2025Q2,nordic_distributors,state,0.0
2025Q2,logitech,st_gap,0.0
2025Q2,nordic,backlog_cover,
2025Q2,all,regime,normal
2025Q2,all,cycle_state,drawdown
2025Q3,nordic,cover_weeks,20.19726461067243
2025Q3,nordic_distributors,cover_weeks,11.168571428571429
2025Q3,logitech,cover_weeks,10.124075532261575
2025Q3,ingram,cover_weeks,5.961278579950815
2025Q3,tdsynnex,cover_weeks,8.203316379234016
2025Q3,amazon,cover_weeks,6.100190916560601
2025Q3,other_retail,cover_weeks,14.034814693657637
2025Q3,gn,cover_weeks,
2025Q3,nordic,flow_yoy,0.26954177897573484
2025Q3,logitech,flow_yoy,6.281362007168445
2025Q3,gn,flow_yoy,-9.348093480934805
2025Q3,ingram,flow_yoy,7.149536682819013
2025Q3,tdsynnex,flow_yoy,6.5781409601634255
2025Q3,consumers,flow_yoy,7.281362007168445
2025Q3,logitech,channel_weeks,-0.07299553157406627
2025Q3,gn,channel_weeks,-2.3235899014778325
2025Q3,nordic_distributors,state,0.0
2025Q3,logitech,st_gap,1.0
2025Q3,nordic,backlog_cover,
2025Q3,all,regime,normal
2025Q3,all,cycle_state,lean
2025Q4,nordic,cover_weeks,24.834509762607105
2025Q4,nordic_distributors,cover_weeks,10.381428571428572
2025Q4,logitech,cover_weeks,7.295737795894991
2025Q4,ingram,cover_weeks,4.6569508338125365
2025Q4,tdsynnex,cover_weeks,7.655179718946402
2025Q4,amazon,cover_weeks,4.543454833165089
2025Q4,other_retail,cover_weeks,6.236442161936125
2025Q4,gn,cover_weeks,
2025Q4,nordic,flow_yoy,3.5196687370600444
2025Q4,logitech,flow_yoy,6.058345146608968
2025Q4,gn,flow_yoy,-12.527611233827706
2025Q4,ingram,flow_yoy,11.487448482577744
2025Q4,tdsynnex,flow_yoy,9.681287472388767
2025Q4,consumers,flow_yoy,10.058345146608968
2025Q4,logitech,channel_weeks,-0.3869363348575449
2025Q4,gn,channel_weeks,-1.9902478902953586
2025Q4,nordic_distributors,state,0.0
2025Q4,logitech,st_gap,4.0
2025Q4,nordic,backlog_cover,
2025Q4,all,regime,normal
2025Q4,all,cycle_state,normal
2026Q1,nordic,cover_weeks,25.983844485932167
2026Q1,nordic_distributors,cover_weeks,10.028571428571428
2026Q1,logitech,cover_weeks,10.657942357044153
2026Q1,ingram,cover_weeks,5.179489146275984
2026Q1,tdsynnex,cover_weeks,8.997748354480391
2026Q1,amazon,cover_weeks,5.445122917282574
2026Q1,other_retail,cover_weeks,10.67806973535683
2026Q1,gn,cover_weeks,18.62196872250035
2026Q1,nordic,flow_yoy,30.056497175141228
2026Q1,logitech,flow_yoy,7.432699920823449
2026Q1,gn,flow_yoy,-8.190976784932102
2026Q1,ingram,flow_yoy,13.695953098281887
2026Q1,tdsynnex,flow_yoy,18.091109276080374
2026Q1,consumers,flow_yoy,7.432699920823449
2026Q1,logitech,channel_weeks,-0.9467065868263472
2026Q1,gn,channel_weeks,-3.3774274406332454
2026Q1,nordic_distributors,state,0.0
2026Q1,logitech,st_gap,0.0
2026Q1,nordic,backlog_cover,
2026Q1,all,regime,normal
2026Q1,all,cycle_state,lean
2026Q2,nordic,cover_weeks,27.629406694332364
2026Q2,nordic_distributors,cover_weeks,9.69
2026Q2,logitech,cover_weeks,9.461949309441477
2026Q2,ingram,cover_weeks,5.782124963159446
2026Q2,tdsynnex,cover_weeks,9.931904709679442
2026Q2,amazon,cover_weeks,5.1969733580333095
2026Q2,other_retail,cover_weeks,11.02981550098873
2026Q2,gn,cover_weeks,23.015063268585454
2026Q2,nordic,flow_yoy,24.82552342971087
2026Q2,logitech,flow_yoy,6.926897272806487
2026Q2,gn,flow_yoy,-5.690703735881842
2026Q2,ingram,flow_yoy,13.576676567140854
2026Q2,tdsynnex,flow_yoy,30.971497390606185
2026Q2,consumers,flow_yoy,10.926897272806487
2026Q2,logitech,channel_weeks,-2.054872881355932
2026Q2,gn,channel_weeks,-4.01523106546855
2026Q2,nordic_distributors,state,0.5
2026Q2,logitech,st_gap,4.0
2026Q2,nordic,backlog_cover,
2026Q2,all,regime,normal
2026Q2,all,cycle_state,lean
2026Q3,nordic,cover_weeks,
2026Q3,nordic_distributors,cover_weeks,
2026Q3,logitech,cover_weeks,
2026Q3,ingram,cover_weeks,
2026Q3,tdsynnex,cover_weeks,9.901004747003853
2026Q3,amazon,cover_weeks,
2026Q3,other_retail,cover_weeks,
2026Q3,gn,cover_weeks,
2026Q3,nordic,flow_yoy,
2026Q3,logitech,flow_yoy,
2026Q3,gn,flow_yoy,
2026Q3,ingram,flow_yoy,
2026Q3,tdsynnex,flow_yoy,37.741997316465394
2026Q3,consumers,flow_yoy,
2026Q3,logitech,channel_weeks,
2026Q3,gn,channel_weeks,
2026Q3,nordic_distributors,state,
2026Q3,logitech,st_gap,
2026Q3,nordic,backlog_cover,
2026Q3,all,regime,normal
2026Q3,all,cycle_state,
