edge_id,src,dst,brand,flow,share,share_grade,share_availability,share_source,evidence,lag_weeks_low,lag_weeks_mid,lag_weeks_high,lag_grade,lag_availability,lag_anchor,lag_evidence,info_delay_planner,info_delay_evidence,lag_mix,inventory_holder,inventory_disclosed,note,share_value
E01,nordic,nordic_distributors,all,0.47,dist,B,collected,filing,Nordic AR2025 IFRS 8.34 (two distributors 30% + 12% = audited floor 42%); NCR Sep-2025 ~40% broad market,4,6,8,C,collected,arrow_avnet_weeks,Arrow 61 d / Avnet 75 d inventory (2026Q2 XBRL) = 8.7-10.6 weeks cover >= high 8 (Little's law bound; all-vendor proxy),nordic_dist_reorder,buyer = Nordic's distributors: they restock from Nordic on their monthly reorder cycle (POS / backlog),,Nordic's distributors (Arrow / Avnet / Future / Digi-Key),verbal,Nordic books revenue when the distributor restocks,0.47
E02,nordic,odm,logitech,0.3221,(1-dist)*(1-suzhou),B,collected,filing,dist (B) x Logitech 10-K FY26 in-house ~35% (A),4,7,10,C,collected,nrf54_leadtime_weeks,nRF54 / nRF5340 factory lead time 16 weeks (Future / Avnet via findchips 2026-09-22) >= high 10: upper bound on the wait for a direct order,odm_mrp,buyer = the ODM: its MRP calls off chips against Logitech's build plan,,ODM / EMS component kit,no,direct shipment to Logitech's contract manufacturers,0.3445
E03,nordic,logitech,logitech,0.1734,(1-dist)*suzhou,B,collected,filing,dist (B) x Logitech 10-K FY26 in-house ~35% (A),8,13,19.5,C,collected,logi_inhouse_weeks,bounded: nRF54 factory lead time 16 wk (findchips) + Logitech inventory cover 9.5 wk (XBRL; raw materials alone ~ logi_rm_weeks) = 25.5 wk >= high,oem_sop+odm_mrp,"buyer = Logitech's own plant: S&OP sets the build plan, the plant's MRP orders the chips (the same two decisions the ODM route crosses on E08 + E02)",,Logitech Suzhou raw materials + finished goods (inside Logitech's inventory),yes,"direct shipment to Logitech's own plant (Suzhou builds ~35% by value): Nordic invoices Logitech itself, which matters for attribution (IFRS 8.34 ceiling)",0.1855
E04,nordic_distributors,odm,logitech,0.2856,1-suzhou,A,collected,filing,Logitech 10-K FY26: 'approximately 35% of our total production of products based on value',0,1,2,C,collected,findchips_stock,authorized-distributor stock on nRF52 deep (42k units Digi-Key 2026-09-22): orders filled from stock within 0-2 weeks,odm_mrp,buyer = the ODM: MRP call-off from distributor stock,,ODM / EMS component kit,no,ODM buys from distributor stock,0.65
E05,nordic_distributors,logitech,logitech,0.1538,suzhou,A,collected,filing,Logitech 10-K FY26 (35% in-house),4,7,11.5,C,collected,logi_stock_inhouse_weeks,bounded: distributor stock 0-2 wk + Logitech inventory cover 9.5 wk (XBRL) = 11.5 wk >= high,oem_sop+odm_mrp,"buyer = Logitech's own plant (S&OP + plant MRP), as E03",,Logitech Suzhou raw materials + finished goods,yes,,0.35
E06,nordic,odm,gn,0.0345,1-dist,B,collected,filing,dist (B); GN AR2025: 'in-house as well as outsourced manufacturing',4,7,10,C,collected,nrf54_leadtime_weeks,as E02,odm_mrp,buyer = GN's ODM: MRP call-off,,GN's ODMs,no,,0.53
E07,nordic_distributors,odm,gn,0.0306,1,C,collected,filing,GN AR2025 names outsourced manufacturing (share of GN built outside not quantified),0,1,2,C,collected,findchips_stock,as E04,odm_mrp,buyer = GN's ODM: MRP call-off from distributor stock,,GN's ODMs,no,,1.0
E08,odm,logitech,logitech,0.6078,1,A,collected,filing,identity: every ODM-built Logitech unit is sold by Logitech,6,8,9.5,C,collected,logi_inv_weeks,"Logitech inventory 66 d (2026Q2) = 9.5 weeks cover: high capped from 12 to 9.5 (Little's law bound); cross-check: Merry (ODM, grade C identity) monthly revenue leads Logitech sales by 0-3 months, peak at 2 (corr 0.74, n~20; step 5c, G18)",oem_sop,buyer = Logitech: its monthly S&OP turns the demand plan into build orders on the ODM,,Logitech finished goods,yes,OEM S&OP cycle 4-8 weeks plus finished-goods buffer,1.0
E10,odm,gn,gn,0.065,1,A,collected,filing,identity,6,8,12,C,collected,gn_inv_weeks,bounded: GN continuing-ops inventory ~161 d = 23 wk (Q2 2026; Hearing in assets held for sale); Audio segment 2021-2023,oem_sop,buyer = GN: monthly S&OP into build orders on the ODM,,GN finished goods,yes,,1.0
E11,logitech,amazon,logitech,0.1683,amazon,A,collected,filing,Logitech 10-K customer concentration (config/supply_graph_weights.csv),2,3,4,C,collected,amazon_weeks,"bounded: Amazon inventory 36 d = 5.2 wk (XBRL 10-Q, all categories)",weekly_replenishment,buyer = Amazon: weekly replenishment against a weeks-on-hand target,,Amazon (weeks on hand not disclosed),no,direct: retailer reorders weekly against a 2-6 week target,0.18
E12,logitech,ingram,logitech,0.1309,ingram,A,collected,filing,Logitech 10-K customer concentration,3,4,5.8,C,collected,ingram_weeks,Ingram inventory 40.5 d (2026Q2) = 5.8 weeks cover: high capped from 6 (Little's law bound; all-vendor proxy),weekly_replenishment,buyer = Ingram Micro: weekly replenishment from Logitech,,Ingram Micro (total DIO only; no vendor split),partial,,0.14
E13,logitech,tdsynnex,logitech,0.1122,tdsynnex,A,collected,filing,Logitech 10-K customer concentration,3,4,6,C,collected,tdsynnex_weeks,TD Synnex inventory 69.5 d (2026Q2) = 9.9 weeks cover >= high 6 (all-vendor proxy),weekly_replenishment,buyer = TD Synnex: weekly replenishment from Logitech,,TD Synnex (total DIO only),partial,,0.12
E14,logitech,other_retail,logitech,0.5236,1-amazon-ingram-tdsynnex,A,collected,filing,residual of the 10-K customer shares,2,3,4,C,collected,retail_weeks,"bounded: Best Buy inventory 77 d = 11 wk (XBRL 10-Q, all categories; Walmart 41 d, Target 69 d as context). Lag = (1-p) x this direct-retail lag + p x the Ingram / TD Synnex downstream lag, p = logi_residual_via_dist (share of the unnamed 10-K residual sold through smaller distributors; evidence steps/step5_supply_graph/config/logi_residual_evidence.csv, G20)",weekly_replenishment,buyer = other retailers / e-tailers: weekly replenishment (the residual's distributor part gets the distributor routes' delays through lag_mix),logi_residual_via_dist:E12+E15|E13+E17,other retailers / e-tailers / logitech.com,no,big-box retail and direct-to-consumer,0.56
E15,ingram,other_retail,all,0.128,1-dist_to_amazon,D,not_public,assumption,Ingram and TD Synnex report no customer above 10%; Amazon does not name suppliers,1,2,2.5,C,collected,reseller_weeks,bounded: CDW inventory 17 d = 2.4 wk (XBRL; IT resellers ship largely from distributor stock): the assumed 2-4 wk was cut to 1-2.5,weekly_replenishment,buyer = resellers / e-tailers: weekly orders on the distributor,,resellers and e-tailers,no,IT distributor sells on to resellers,0.9
E16,ingram,amazon,all,0.0142,dist_to_amazon,D,not_public,assumption,"not public: Ingram and TD Synnex each state no customer above 10% of net sales (Amazon < 10% of their total, which does not bound peripherals); Amazon names no suppliers",2,3,4,C,collected,amazon_weeks,"bounded: Amazon inventory 36 d = 5.2 wk (XBRL 10-Q, all categories)",weekly_replenishment,buyer = Amazon: weekly replenishment,,Amazon,no,the cross link the brief implies; size unknown,0.1
E17,tdsynnex,other_retail,all,0.1112,1-dist_to_amazon,D,not_public,assumption,as E15,1,2,2.5,C,collected,reseller_weeks,bounded: CDW inventory 17 d = 2.4 wk (XBRL; IT resellers ship largely from distributor stock): the assumed 2-4 wk was cut to 1-2.5,weekly_replenishment,buyer = resellers / e-tailers: weekly orders on the distributor,,resellers and e-tailers,no,,0.9
E18,tdsynnex,amazon,all,0.0124,dist_to_amazon,D,not_public,assumption,as E16,2,3,4,C,collected,amazon_weeks,"bounded: Amazon inventory 36 d = 5.2 wk (XBRL 10-Q, all categories)",weekly_replenishment,buyer = Amazon: weekly replenishment,,Amazon,no,,0.1
E19,gn,amazon,gn,0.0065,gn_amazon,C,collected,filing,"bounded by filing: GN AR2025 names only one customer above 10% (a distributor), so Amazon < 10% of group revenue = < DKK 1,678m = < 17.5% of continuing ops (cap on gn_amazon); the value itself is assumed",2,3,4,C,collected,amazon_weeks,"bounded: Amazon inventory 36 d = 5.2 wk (XBRL 10-Q, all categories)",weekly_replenishment,buyer = Amazon: weekly replenishment,,Amazon,no,SteelSeries / Jabra consumer,0.1
E20,gn,ingram,gn,0.0114,gn_distrib/2,C,collected,filing,GN AR2025: 'One distributor mainly in Enterprise comprises more than 10% of the group's total revenue amounting to DKK 2001 million' = 21% of continuing ops (floor for gn_distrib); which distributor and the Ingram / TD split are not disclosed,3,4,5.8,C,collected,ingram_weeks,as E12,weekly_replenishment,buyer = the distributor: weekly replenishment from GN,,Ingram Micro,partial,Jabra Enterprise,0.175
E21,gn,tdsynnex,gn,0.0114,gn_distrib/2,C,collected,filing,as E20,3,4,6,C,collected,tdsynnex_weeks,as E13,weekly_replenishment,buyer = the distributor: weekly replenishment from GN,,TD Synnex,partial,,0.175
E22,gn,other_retail,gn,0.0358,1-gn_amazon-gn_distrib,C,collected,filing,residual of E19-E21,2,3,4,C,collected,retail_weeks,"bounded: Best Buy inventory 77 d = 11 wk (XBRL 10-Q, all categories; Walmart 41 d, Target 69 d as context)",weekly_replenishment,buyer = retailers / resellers: weekly replenishment,,resellers and retailers,no,GN reports sell-in vs sell-out verbally,0.55
E23,amazon,consumers,all,0.2014,1,A,collected,filing,identity (sell-out),0,0,0,A,collected,,identity,,no order decision: sell-out is the demand itself,,none (end demand),no,sell-out: the demand change enters here,1.0
E24,other_retail,consumers,all,0.7986,1,A,collected,filing,identity (sell-out),0,0,0,A,collected,,identity,,no order decision: sell-out is the demand itself,,none (end demand),no,,1.0
E25,nordic,amazon,amazon_devices,0.0,,C,collected,filing,"NCR Sep-2025 names Amazon among Nordic's major customers (Echo / Kindle / remotes): Amazon's second role, as a device OEM",,,,D,not_public,,no demand series for Amazon's devices,,"not propagated (no lag, no demand series)",,Amazon's device EMS,no,same entity as the retailer: a consumer-electronics shock reaches Nordic through Amazon twice; not propagated (no device demand series),
