edge_id,src,dst,brand,info_delay_planner,physical_weeks_low,physical_weeks_mid,physical_weeks_high,info_weeks_low,info_weeks_mid,info_weeks_high,signal_weeks_low,signal_weeks_mid,signal_weeks_high
E01,nordic,nordic_distributors,all,nordic_dist_reorder,3.0,6.0,9.0,0.0,2.165,4.33,3.0,8.16,13.33
E02,nordic,odm,logitech,odm_mrp,3.5,7.0,10.5,0.0,1.0,2.0,3.5,8.0,12.5
E03,nordic,logitech,logitech,oem_sop+odm_mrp,6.5,13.0,19.5,0.0,4.248,8.495,6.5,17.25,27.99
E04,nordic_distributors,odm,logitech,odm_mrp,0.0,1.0,2.0,0.0,1.0,2.0,0.0,2.0,4.0
E05,nordic_distributors,logitech,logitech,oem_sop+odm_mrp,3.5,7.0,11.5,0.0,4.248,8.495,3.5,11.25,19.99
E06,nordic,odm,gn,odm_mrp,3.5,7.0,10.5,0.0,1.0,2.0,3.5,8.0,12.5
E07,nordic_distributors,odm,gn,odm_mrp,0.0,1.0,2.0,0.0,1.0,2.0,0.0,2.0,4.0
E08,odm,logitech,logitech,oem_sop,4.0,8.0,10.41,0.0,3.247,6.495,4.0,11.25,16.9
E10,odm,gn,gn,oem_sop,4.0,8.0,12.0,0.0,3.247,6.495,4.0,11.25,18.49
E11,logitech,amazon,logitech,weekly_replenishment,1.5,3.0,4.5,0.0,1.5,3.0,1.5,4.5,7.5
E12,logitech,ingram,logitech,weekly_replenishment,2.0,4.0,6.0,0.0,1.5,3.0,2.0,5.5,9.0
E13,logitech,tdsynnex,logitech,weekly_replenishment,2.0,4.0,6.0,0.0,1.5,3.0,2.0,5.5,9.0
E14,logitech,other_retail,logitech,weekly_replenishment,1.88,4.5,7.63,0.0,2.25,5.25,1.88,6.75,12.88
E15,ingram,other_retail,all,weekly_replenishment,1.0,2.0,2.68,0.0,1.5,3.0,1.0,3.5,5.68
E16,ingram,amazon,all,weekly_replenishment,1.5,3.0,4.5,0.0,1.5,3.0,1.5,4.5,7.5
E17,tdsynnex,other_retail,all,weekly_replenishment,1.0,2.0,2.68,0.0,1.5,3.0,1.0,3.5,5.68
E18,tdsynnex,amazon,all,weekly_replenishment,1.5,3.0,4.5,0.0,1.5,3.0,1.5,4.5,7.5
E19,gn,amazon,gn,weekly_replenishment,1.5,3.0,4.5,0.0,1.5,3.0,1.5,4.5,7.5
E20,gn,ingram,gn,weekly_replenishment,2.0,4.0,6.0,0.0,1.5,3.0,2.0,5.5,9.0
E21,gn,tdsynnex,gn,weekly_replenishment,2.0,4.0,6.0,0.0,1.5,3.0,2.0,5.5,9.0
E22,gn,other_retail,gn,weekly_replenishment,1.5,3.0,4.5,0.0,1.5,3.0,1.5,4.5,7.5
E23,amazon,consumers,all,,0.0,0.0,0.0,0.0,0.0,0.0,0.0,0.0,0.0
E24,other_retail,consumers,all,,0.0,0.0,0.0,0.0,0.0,0.0,0.0,0.0,0.0
