quarter,origin,actual,N0,N0_fitted,N1,N1_fitted,N2c,N2c_fitted,N2c_b,N2c_n_train,N2c_C_q,N2c_used,N2s,N2s_fitted,N2s_b,N2s_n_train,N2s_C_q,N2s_used,N2e,N2e_fitted,N2e_b,N2e_n_train,N2e_C_q,N2e_used,N2c_dx_snx_sales,N2c_dx_rseas,N2c_dx_bestbuy_computing,N2s_dx_snx_sales,N2e_dx_snx_endpoint,kind
2021Q3,2021-10-21,6.906,68.69,True,,False,68.69,False,0.0,0,0.0,,68.69,False,0.0,0,0.0,,68.69,False,0.0,0,0.0,,,,,,,walkforward
2021Q4,2022-01-21,-0.069,6.906,True,,False,6.906,False,0.0,0,0.0,,6.906,False,0.0,0,0.0,,6.906,False,0.0,0,0.0,,,-5.744,-13.8,,,walkforward
2022Q1,2022-04-21,-19.917,-0.069,True,,False,-0.069,False,0.0,0,0.0,,-0.069,False,0.0,0,0.0,,-0.069,False,0.0,0,0.0,,,-9.779,-3.6,,,walkforward
2022Q2,2022-07-21,-11.6,-19.917,True,,False,-19.917,False,0.0,0,0.0,,-19.917,False,0.0,0,0.0,,-19.917,False,0.0,0,0.0,,,-4.309,-4.5,,,walkforward
2022Q3,2022-10-21,-14.042,-11.6,True,,False,-11.6,False,0.0,0,0.0,,-11.6,False,0.0,0,0.0,,-11.6,False,0.0,0,0.0,,,-3.253,-6.1,,,walkforward
2022Q4,2023-01-21,-24.226,-14.042,True,,False,-14.042,False,0.0,0,0.0,,-14.042,False,0.0,0,0.0,,-14.042,False,0.0,0,0.0,,,-3.072,5.2,,,walkforward
2023Q1,2023-04-21,-16.943,-24.226,True,,False,-24.226,False,0.0,5,0.868,rseas|bestbuy_computing,-24.226,False,0.0,0,0.0,,-24.226,False,0.0,0,0.0,,-6.309,10.424,1.4,-6.309,-3.0,walkforward
2023Q2,2023-07-21,-8.984,-16.943,True,,False,-23.561,True,5.909,6,-1.12,rseas|bestbuy_computing,-16.943,False,0.0,0,0.0,,-16.943,False,0.0,0,0.0,,-5.681,-12.186,-3.3,-5.681,-5.0,walkforward
2023Q3,2023-10-21,-4.007,-8.984,True,,False,-6.247,True,3.6,7,0.76,rseas|bestbuy_computing,-8.984,False,0.0,0,0.0,,-8.984,False,0.0,0,0.0,,-1.173,3.46,6.9,-1.173,2.0,walkforward
2023Q4,2024-01-21,-4.134,-4.007,True,,False,-3.124,True,3.728,8,0.237,rseas|bestbuy_computing,-4.007,False,0.0,0,0.0,,-4.007,False,0.0,0,0.0,,-2.246,5.715,-1.9,-2.246,4.0,walkforward
2024Q1,2024-04-21,0.354,-4.134,True,,False,-3.549,True,3.605,9,0.162,rseas|bestbuy_computing,-4.134,False,0.0,0,0.0,,-4.134,False,0.0,0,0.0,,3.727,-2.337,4.1,3.727,-3.0,walkforward
2024Q2,2024-07-21,8.668,0.354,True,,False,2.648,True,3.377,10,0.68,snx_sales|rseas|bestbuy_computing,0.354,False,0.0,5,1.309,snx_sales,0.354,False,0.0,5,1.597,snx_endpoint,6.793,2.644,2.0,6.793,8.0,walkforward
2024Q3,2024-10-21,3.582,8.668,True,,False,11.227,True,4.024,11,0.636,snx_sales|rseas|bestbuy_computing,7.65,True,-0.915,6,1.113,snx_sales,8.694,True,0.032,6,0.84,snx_endpoint,5.997,-1.338,6.1,5.997,4.0,walkforward
2024Q4,2025-01-21,8.754,3.582,True,,False,4.309,True,3.242,12,0.224,snx_sales|rseas|bestbuy_computing,2.098,True,-1.626,7,0.913,snx_sales,3.854,True,-0.618,7,-0.441,snx_endpoint,4.795,-1.366,-0.1,4.795,-2.0,walkforward
2025Q1,2025-04-21,1.891,8.754,True,,False,7.531,True,3.327,13,-0.368,snx_sales|rseas|bestbuy_computing,9.641,True,-0.799,8,-1.11,snx_sales,7.739,True,-0.91,8,1.115,snx_endpoint,-5.996,-2.775,2.7,-5.996,5.0,walkforward
2025Q2,2025-07-21,5.468,1.891,True,5.382,True,2.788,True,3.44,14,0.261,snx_sales|rseas|bestbuy_computing,2.053,True,0.266,9,0.611,snx_sales,0.026,True,-1.642,9,1.136,snx_endpoint,3.169,1.725,-0.7,3.169,5.0,walkforward
2025Q3,2025-10-21,7.281,5.468,True,4.615,True,5.551,True,3.397,15,0.025,snx_sales|rseas|bestbuy_computing,5.413,True,0.472,10,-0.117,snx_sales,6.172,True,-1.032,10,-0.683,snx_endpoint,-0.577,3.235,-2.0,-0.577,-3.0,walkforward
2025Q4,2026-01-21,10.058,7.281,True,5.081,True,9.095,True,3.341,16,0.543,snx_sales|rseas|bestbuy_computing,7.564,True,0.435,11,0.65,snx_sales,6.779,True,-1.053,11,0.477,snx_endpoint,3.103,1.385,3.8,3.103,2.0,walkforward
2026Q1,2026-04-21,7.433,10.058,True,10.888,True,11.359,True,3.331,17,0.39,snx_sales|rseas|bestbuy_computing,10.778,True,0.586,12,1.227,snx_sales,10.168,True,-0.889,12,-0.124,snx_endpoint,5.91,2.039,-2.2,5.91,-0.5,walkforward
2026Q2,2026-07-21,10.927,7.433,True,4.775,True,10.082,True,3.248,18,0.816,snx_sales|rseas|bestbuy_computing,8.118,True,0.299,13,2.289,snx_sales,7.646,True,-0.837,13,-0.255,snx_endpoint,12.88,2.13,-1.2,12.88,-1.0,walkforward
2026Q3,2026-10-21,,10.927,True,5.383,True,12.653,True,3.252,19,0.531,snx_sales|rseas|bestbuy_computing,11.826,True,0.741,14,1.214,snx_sales,10.927,False,-0.898,14,0.0,snx_endpoint,6.77,-0.81,2.6,6.77,,live
