event,source,dates,shock_or_break,graph_element,buffer,sign,timing,nordic_revenue_consequence,handled_in_model,evidence,ids
supply_constrained,regimes,2020Q3-2022Q2,break,"edge 2 lag (x lag_multiplier) and amplitude (x amplitude_multiplier): Nordic revenue = wafer supply, not orders",Nordic's order backlog (disclosed to 2023Q1) and customers' safety stock (double ordering),+ then -,2021Q4-2022Q3,backlog peaked at 9.9x quarterly revenue (128 weeks of shipments) in 2021Q4; revenue kept rising 3 quarters more (peak 2022Q3): demand cuts hit the backlog before revenue. Edge-2 lead 14.3 wk x lag_multiplier 2 = 28.6 wk; amplitude x0.5,excluded from every Nordic-tier regression and from the lag fits (D13); the lag multiplier is documented but not applied,pipelines/A_company_financials/data/raw/nordic_backlog_history.csv; nordic_quarterly.csv (backlog_usdm to 2023Q1); 5c Nordic consumer on Logitech sell-through (t-2) @ 2022Q3: not distinguishable (p 0.655); 5c Nordic consumer on Logitech sell-through (t-2) @ 2022Q4: changed (p 0.040),"D13, G22, P92"
destock,regimes,2022Q3-2024Q1,break,amplitude on the distributor route (bullwhip) and the sign of Nordic's guidance beat; the Logitech key-account slice not amplified,excess stock at Nordic's distributors and ODM kits worked down,-,2022Q3-2024Q1,"Nordic revenue 202m (2022Q3) -> 74m (2024Q1), -63%; 2023 top-10 customers -3.2% vs broad market -45.9% (the Logitech slice is a top-10 account); Nordic's beat in 'building' quarters -3.2% (n 7) vs +2.3% lean","Nordic's guide error by the data-dated state of t−1 (F20, F30); amplitude split by route (step 3 slice multiplier 1.0 for the key account); data-dated cycle state replaces the hand-set dates (D22)",steps/step3_inventory_mechanism/outputs/nordic_top10_vs_broad.csv; beat_by_cycle_state.csv; bullwhip_links.csv; 5c Nordic consumer on Logitech sell-through (t-2) @ 2022Q3: not distinguishable (p 0.655); 5c Nordic consumer on Logitech sell-through (t-2) @ 2024Q2: not distinguishable (p 0.766); 5c Nordic consumer on Logitech sell-through (t-2) @ 2022Q4: changed (p 0.040); 5c Nordic consumer on Logitech sell-through (t-2) @ 2024Q3: not distinguishable (p 0.612),"D22, F20, F30, L7, P89, P92"
normal,regimes,2024Q2-2026Q2,reference,none: 10-K customer shares and the graph lag kernel stable,channel weeks-on-hand at target,none,-,reference: shares and lags as in the graph,the graph's normal-regime lags and shares are the reference every other row is read against,config/supply_graph_weights.csv; steps/step5_supply_graph/outputs/graph_kernel_history.csv; 5c Nordic consumer on Logitech sell-through (t-2) @ 2024Q2: not distinguishable (p 0.766); 5c Nordic consumer on Logitech sell-through (t-2) @ 2024Q3: not distinguishable (p 0.612); 5c Logitech 10-K customer shares @ FY22-FY26: stable; 5c Graph lag kernel re-computed at each 10-K @ FY22-FY26: stable,"G22, P40"
logitech_taxonomy_fy24,structural_breaks,FY24 (Apr 2023),reporting basis,Logitech category mix (radio-content driver series),none,none,-,"none on Nordic revenue (a series is redefined, nothing flows differently)",old taxonomy mapped to the new one; headsets inside 'other' before FY23 (config switch),pipelines/A_company_financials/data/raw/logitech_quarterly.csv,none
logitech_tariff_refund_q1fy27,structural_breaks,2026Q2 (Q1 FY27),one-off (margin),none: Logitech gross margin only,none,none,-,none on revenue (GM -5.0 pts ex the one-off),GM ex refunds (config adj_gm_pts),pipelines/A_company_financials/data/raw/logitech_quarterly.csv,F18
logitech_supplier_incident_2026,structural_breaks,late Jun 2026 - Mar 2027,shock,none: every edge unchanged; a dated loss at the Logitech node carried back through edge 2 (lead and content),chips at the holder (Nordic's distributors / ODM kit / Suzhou) and the order book (12-16 wk lead time),-,2026Q3-2026Q4,"2026Q3 -7.1m gross, -1.8m net of the 75% already in the guide (band -10.2 to -2.6); 2026Q4 -0.9m; all quarters -8.0m = 3.63% x -220m lost Logitech sales",propagated event: step 7c term net of the share in Nordic's guide; this event study for timing and recovery,steps/step5_supply_graph/outputs/event_study_supplier_incident.csv; steps/step7_forecast/outputs/chain_terms.csv; 5c Supplier incident 2026 @ 2026: event (in filings),"F7, P75, G23, P97"
nordic_taxonomy_2025,structural_breaks,2025,reporting basis,Nordic node: consumer segment redefined (share bikes to Consumer; Industrial + Healthcare merged),none,none,-,"none on Nordic revenue (a series is redefined, nothing flows differently)",restated series where available; the forecast target (Nordic total) is unaffected,pipelines/A_company_financials/data/raw/nordic_quarterly.csv,none
nordic_q2_2024_writedown,structural_breaks,2024Q2,one-off (margin),none: Nordic gross margin only,Nordic's own inventory (write-down),none,-,none on revenue (GM adjusted to 49.8%),adjusted GM (config adj_gm_pct),pipelines/A_company_financials/data/raw/nordic_quarterly.csv,none
nordic_q4_2025_gm_oneoff,structural_breaks,2025Q4,one-off (margin),none: Nordic gross margin only,none,none,-,none on revenue (GM adjusted to 52.0%),adjusted GM (config adj_gm_pct),pipelines/A_company_financials/data/raw/nordic_quarterly.csv,none
gn_steelseries_consolidation_2022,structural_breaks,2022,reporting basis,GN node composition (SteelSeries + Enterprise = the peripherals series),none,none,-,"none on Nordic revenue (a series is redefined, nothing flows differently); GN = 6.5% of the Logitech + GN slice of Nordic",SteelSeries + Enterprise series; Consumer excluded (config switch),GN annual reports (Pipeline A); 5c GN node composition @ 2022: event (in filings),none
gn_hearing_discontinued_2026,structural_breaks,2026,reporting basis,GN node: continuing ops (Enterprise + Gaming) is the forecast target,GN balance-sheet inventory (Hearing moved to held for sale),none,-,"none on Nordic revenue (a series is redefined, nothing flows differently); GN = 6.5% of the Logitech + GN slice of Nordic",continuing-ops series; group ratios not computed and the Audio inventory split blank 2024-25 (D4); 2026 continuing-ops days bound ODM→GN (G15),GN Q2 2026 interim report (Pipeline A); 5c GN node composition @ 2026: event (in filings),"D4, G15, P67, P88, F15"
distributor_asp_inflation_2026,structural_breaks,2026,break (price vs units),amplitude of the distributors' dollar series against units (Ingram / TD Synnex),none,+ (if misread),2026,"none as modelled; read as units, distributor dollars would overstate the Nordic slice by ~1.1m a quarter (share 16.8% x slice multiplier 1.09 x 2.5 pts x Nordic guide midpoint)",asp_tailwind_pts: distributor dollar growth not read as units; no forecast uses it as a driver,Ingram / TD Synnex filings (Pipeline A); 5c Distributor dollars vs units 2026 @ 2026: event (in filings),none
tdsynnex_techdata_merger_2021,structural_breaks,1 Sep 2021,node change,TD Synnex node scope (~3x revenue); edge share E13 comes from Logitech's 10-K and is unaffected,none,none,-,"none on Nordic revenue (a series is redefined, nothing flows differently); TD Synnex 12%-15% of Logitech's gross sales in every 10-K (the edge did not move)",YoY masked across the merger (config no_yoy_quarters),TD Synnex XBRL (Pipeline A); 5c Distributor node (SYNNEX + Tech Data) @ 2021: event (in filings),none
gn_hearing_in_group_2026,structural_breaks,2026,reporting basis,GN group revenue incl. Hearing (discontinued but still disclosed),none,none,-,"none on Nordic revenue (a series is redefined, nothing flows differently); GN = 6.5% of the Logitech + GN slice of Nordic",forecast on continuing ops; whether Hearing uses Nordic silicon is unknown,GN Q2 2026 interim report (Pipeline A),"P08, P67"
