company,key,source_type,url,purpose,used_for_columns,retrieval_method,validation_method,validated,validated_on,validation_detail,notes
microchip,earnings_8k_ex99,sec_8k_exhibit,https://www.sec.gov/cgi-bin/browse-edgar?action=getcompany&CIK=0000827054&type=8-K,quarterly revenue guide (low/mid/high) from every earnings release since 2011,"guide_*_usdm, beat_pct","script: SEC submissions API (paged) + 8-K Exhibit 99.1, cached",guide parsed from the release (sentence stored); low <= mid <= high and mid = (low+high)/2; unit typo in the filing detected and corrected; chain: 'midpoint of our guidance provided on <date>' == guide parsed from the <date> release; |beat| <= 15% unless excluded (structural break) or confirmed by a manual read (verified_outliers),yes,2026-09-26,guide parsed from the release (sentence stored): 56/63; low <= mid <= high and mid = (low+high)/2: 56/56; unit typo in the filing detected and corrected: 1/1; chain: 'midpoint of our guidance provided on <date>' == guide parsed from the <date> release: 17/17; |beat| <= 15% unless excluded (structural break) or confirmed by a manual read (verified_outliers): 55/55,FY ends March; also discloses distributor days of inventory (Pipeline A mchp_distributor_days.csv)
microchip,xbrl_revenue_inventory_cogs,sec_xbrl,https://data.sec.gov/api/xbrl/companyfacts/CIK0000827054.json,"actual revenue, inventory, cost of sales AS FIRST REPORTED","actual_usdm, inventory_usdm, cogs_usdm",script: SEC company-facts API,first-filed value per period (point in time); Q4 = FY - 9M; |beat| > 15% read by hand,yes,2026-09-26,55 guided quarters matched to an actual,
nxp,earnings_8k_ex99,sec_8k_exhibit,https://www.sec.gov/cgi-bin/browse-edgar?action=getcompany&CIK=0001413447&type=8-K,quarterly revenue guide (low/mid/high) from every earnings release since 2011,"guide_*_usdm, beat_pct","script: SEC submissions API (paged) + 8-K Exhibit 99.1, cached",guide parsed from the release (sentence stored); low <= mid <= high and mid = (low+high)/2; channel weeks chain within one definition: prior-quarter column == previous release (tolerance 0.5 wk); |beat| <= 15% unless excluded (structural break) or confirmed by a manual read (verified_outliers),yes,2026-09-26,guide parsed from the release (sentence stored): 27/27; low <= mid <= high and mid = (low+high)/2: 27/27; channel weeks chain within one definition: prior-quarter column == previous release (tolerance 0.5 wk): 24/24; |beat| <= 15% unless excluded (structural break) or confirmed by a manual read (verified_outliers): 26/26,discloses distribution channel inventory in weeks each quarter
nxp,xbrl_revenue_inventory_cogs,sec_xbrl,https://data.sec.gov/api/xbrl/companyfacts/CIK0001413447.json,"actual revenue, inventory, cost of sales AS FIRST REPORTED","actual_usdm, inventory_usdm, cogs_usdm",script: SEC company-facts API,first-filed value per period (point in time); Q4 = FY - 9M; |beat| > 15% read by hand,yes,2026-09-26,26 guided quarters matched to an actual,
ti,earnings_8k_ex99,sec_8k_exhibit,https://www.sec.gov/cgi-bin/browse-edgar?action=getcompany&CIK=0000097476&type=8-K,quarterly revenue guide (low/mid/high) from every earnings release since 2011,"guide_*_usdm, beat_pct","script: SEC submissions API (paged) + 8-K Exhibit 99.1, cached",guide parsed from the release (sentence stored); low <= mid <= high and mid = (low+high)/2; |beat| <= 15% unless excluded (structural break) or confirmed by a manual read (verified_outliers),yes,2026-09-26,guide parsed from the release (sentence stored): 62/63; low <= mid <= high and mid = (low+high)/2: 62/62; |beat| <= 15% unless excluded (structural break) or confirmed by a manual read (verified_outliers): 61/61,calendar quarters
ti,xbrl_revenue_inventory_cogs,sec_xbrl,https://data.sec.gov/api/xbrl/companyfacts/CIK0000097476.json,"actual revenue, inventory, cost of sales AS FIRST REPORTED","actual_usdm, inventory_usdm, cogs_usdm",script: SEC company-facts API,first-filed value per period (point in time); Q4 = FY - 9M; |beat| > 15% read by hand,yes,2026-09-26,61 guided quarters matched to an actual,
adi,earnings_8k_ex99,sec_8k_exhibit,https://www.sec.gov/cgi-bin/browse-edgar?action=getcompany&CIK=0000006281&type=8-K,quarterly revenue guide (low/mid/high) from every earnings release since 2011,"guide_*_usdm, beat_pct","script: SEC submissions API (paged) + 8-K Exhibit 99.1, cached",guide parsed from the release (sentence stored); low <= mid <= high and mid = (low+high)/2; |beat| <= 15% unless excluded (structural break) or confirmed by a manual read (verified_outliers),yes,2026-09-26,guide parsed from the release (sentence stored): 57/63; low <= mid <= high and mid = (low+high)/2: 57/57; |beat| <= 15% unless excluded (structural break) or confirmed by a manual read (verified_outliers): 56/56,FY ends late Oct / early Nov; 52/53-week quarters
adi,xbrl_revenue_inventory_cogs,sec_xbrl,https://data.sec.gov/api/xbrl/companyfacts/CIK0000006281.json,"actual revenue, inventory, cost of sales AS FIRST REPORTED","actual_usdm, inventory_usdm, cogs_usdm",script: SEC company-facts API,first-filed value per period (point in time); Q4 = FY - 9M; |beat| > 15% read by hand,yes,2026-09-26,56 guided quarters matched to an actual,
onsemi,earnings_8k_ex99,sec_8k_exhibit,https://www.sec.gov/cgi-bin/browse-edgar?action=getcompany&CIK=0001097864&type=8-K,quarterly revenue guide (low/mid/high) from every earnings release since 2011,"guide_*_usdm, beat_pct","script: SEC submissions API (paged) + 8-K Exhibit 99.1, cached",guide parsed from the release (sentence stored); low <= mid <= high and mid = (low+high)/2; actual override 2017Q1: quote found in the company's release; |beat| <= 15% unless excluded (structural break) or confirmed by a manual read (verified_outliers),yes,2026-09-26,guide parsed from the release (sentence stored): 62/63; low <= mid <= high and mid = (low+high)/2: 62/62; actual override 2017Q1: quote found in the company's release: 1/1; |beat| <= 15% unless excluded (structural break) or confirmed by a manual read (verified_outliers): 61/61,calendar quarters
onsemi,xbrl_revenue_inventory_cogs,sec_xbrl,https://data.sec.gov/api/xbrl/companyfacts/CIK0001097864.json,"actual revenue, inventory, cost of sales AS FIRST REPORTED","actual_usdm, inventory_usdm, cogs_usdm",script: SEC company-facts API,first-filed value per period (point in time); Q4 = FY - 9M; |beat| > 15% read by hand,yes,2026-09-26,61 guided quarters matched to an actual,
silabs,earnings_8k_ex99,sec_8k_exhibit,https://www.sec.gov/cgi-bin/browse-edgar?action=getcompany&CIK=0001038074&type=8-K,quarterly revenue guide (low/mid/high) from every earnings release since 2011,"guide_*_usdm, beat_pct","script: SEC submissions API (paged) + 8-K Exhibit 99.1, cached",guide parsed from the release (sentence stored); low <= mid <= high and mid = (low+high)/2; |beat| <= 15% unless excluded (structural break) or confirmed by a manual read (verified_outliers),yes,2026-09-26,guide parsed from the release (sentence stored): 52/63; low <= mid <= high and mid = (low+high)/2: 52/52; |beat| <= 15% unless excluded (structural break) or confirmed by a manual read (verified_outliers): 52/52,guidance suspended from 2026 (pending acquisition by Texas Instruments) -> structural break; use pre-2026 only
silabs,xbrl_revenue_inventory_cogs,sec_xbrl,https://data.sec.gov/api/xbrl/companyfacts/CIK0001038074.json,"actual revenue, inventory, cost of sales AS FIRST REPORTED","actual_usdm, inventory_usdm, cogs_usdm",script: SEC company-facts API,first-filed value per period (point in time); Q4 = FY - 9M; |beat| > 15% read by hand,yes,2026-09-26,52 guided quarters matched to an actual,
semtech,earnings_8k_ex99,sec_8k_exhibit,https://www.sec.gov/cgi-bin/browse-edgar?action=getcompany&CIK=0000088941&type=8-K,quarterly revenue guide (low/mid/high) from every earnings release since 2011,"guide_*_usdm, beat_pct","script: SEC submissions API (paged) + 8-K Exhibit 99.1, cached",guide parsed from the release (sentence stored); low <= mid <= high and mid = (low+high)/2; |beat| <= 15% unless excluded (structural break) or confirmed by a manual read (verified_outliers),yes,2026-09-26,guide parsed from the release (sentence stored): 62/62; low <= mid <= high and mid = (low+high)/2: 62/62; |beat| <= 15% unless excluded (structural break) or confirmed by a manual read (verified_outliers): 61/61,"fiscal year ends late January; distribution ~74%, High-End Consumer ~15% (Nordic-like by the step-6e criterion)"
semtech,xbrl_revenue_inventory_cogs,sec_xbrl,https://data.sec.gov/api/xbrl/companyfacts/CIK0000088941.json,"actual revenue, inventory, cost of sales AS FIRST REPORTED","actual_usdm, inventory_usdm, cogs_usdm",script: SEC company-facts API,first-filed value per period (point in time); Q4 = FY - 9M; |beat| > 15% read by hand,yes,2026-09-26,61 guided quarters matched to an actual,
power_integrations,earnings_8k_ex99,sec_8k_exhibit,https://www.sec.gov/cgi-bin/browse-edgar?action=getcompany&CIK=0000833640&type=8-K,quarterly revenue guide (low/mid/high) from every earnings release since 2011,"guide_*_usdm, beat_pct","script: SEC submissions API (paged) + 8-K Exhibit 99.1, cached",guide parsed from the release (sentence stored); low <= mid <= high and mid = (low+high)/2; |beat| <= 15% unless excluded (structural break) or confirmed by a manual read (verified_outliers),yes,2026-09-26,guide parsed from the release (sentence stored): 58/63; low <= mid <= high and mid = (low+high)/2: 58/58; |beat| <= 15% unless excluded (structural break) or confirmed by a manual read (verified_outliers): 57/57,"distribution ~69%, consumer ~37%"
power_integrations,xbrl_revenue_inventory_cogs,sec_xbrl,https://data.sec.gov/api/xbrl/companyfacts/CIK0000833640.json,"actual revenue, inventory, cost of sales AS FIRST REPORTED","actual_usdm, inventory_usdm, cogs_usdm",script: SEC company-facts API,first-filed value per period (point in time); Q4 = FY - 9M; |beat| > 15% read by hand,yes,2026-09-26,57 guided quarters matched to an actual,
lattice,earnings_8k_ex99,sec_8k_exhibit,https://www.sec.gov/cgi-bin/browse-edgar?action=getcompany&CIK=0000855658&type=8-K,quarterly revenue guide (low/mid/high) from every earnings release since 2011,"guide_*_usdm, beat_pct","script: SEC submissions API (paged) + 8-K Exhibit 99.1, cached",guide parsed from the release (sentence stored); low <= mid <= high and mid = (low+high)/2; |beat| <= 15% unless excluded (structural break) or confirmed by a manual read (verified_outliers),yes,2026-09-26,guide parsed from the release (sentence stored): 55/62; low <= mid <= high and mid = (low+high)/2: 55/55; |beat| <= 15% unless excluded (structural break) or confirmed by a manual read (verified_outliers): 54/54,distribution ~84%; 2026: AMI acquisition - guide 'with two months of AMI revenue included' is the comparable one
lattice,xbrl_revenue_inventory_cogs,sec_xbrl,https://data.sec.gov/api/xbrl/companyfacts/CIK0000855658.json,"actual revenue, inventory, cost of sales AS FIRST REPORTED","actual_usdm, inventory_usdm, cogs_usdm",script: SEC company-facts API,first-filed value per period (point in time); Q4 = FY - 9M; |beat| > 15% read by hand,yes,2026-09-26,54 guided quarters matched to an actual,
maxlinear,earnings_8k_ex99,sec_8k_exhibit,https://www.sec.gov/cgi-bin/browse-edgar?action=getcompany&CIK=0001288469&type=8-K,quarterly revenue guide (low/mid/high) from every earnings release since 2011,"guide_*_usdm, beat_pct","script: SEC submissions API (paged) + 8-K Exhibit 99.1, cached",guide parsed from the release (sentence stored); low <= mid <= high and mid = (low+high)/2; |beat| <= 15% unless excluded (structural break) or confirmed by a manual read (verified_outliers),yes,2026-09-26,guide parsed from the release (sentence stored): 50/61; low <= mid <= high and mid = (low+high)/2: 50/50; |beat| <= 15% unless excluded (structural break) or confirmed by a manual read (verified_outliers): 49/49,distribution ~37%; home broadband ~44%
maxlinear,xbrl_revenue_inventory_cogs,sec_xbrl,https://data.sec.gov/api/xbrl/companyfacts/CIK0001288469.json,"actual revenue, inventory, cost of sales AS FIRST REPORTED","actual_usdm, inventory_usdm, cogs_usdm",script: SEC company-facts API,first-filed value per period (point in time); Q4 = FY - 9M; |beat| > 15% read by hand,yes,2026-09-26,49 guided quarters matched to an actual,
monolithic_power,earnings_8k_ex99,sec_8k_exhibit,https://www.sec.gov/cgi-bin/browse-edgar?action=getcompany&CIK=0001280452&type=8-K,quarterly revenue guide (low/mid/high) from every earnings release since 2011,"guide_*_usdm, beat_pct","script: SEC submissions API (paged) + 8-K Exhibit 99.1, cached",guide parsed from the release (sentence stored); low <= mid <= high and mid = (low+high)/2; |beat| <= 15% unless excluded (structural break) or confirmed by a manual read (verified_outliers),yes,2026-09-26,guide parsed from the release (sentence stored): 56/62; low <= mid <= high and mid = (low+high)/2: 56/56; |beat| <= 15% unless excluded (structural break) or confirmed by a manual read (verified_outliers): 55/55,distribution >= 54% (three largest distributors); consumer ~9%; discloses days of inventory on next quarter's revenue
monolithic_power,xbrl_revenue_inventory_cogs,sec_xbrl,https://data.sec.gov/api/xbrl/companyfacts/CIK0001280452.json,"actual revenue, inventory, cost of sales AS FIRST REPORTED","actual_usdm, inventory_usdm, cogs_usdm",script: SEC company-facts API,first-filed value per period (point in time); Q4 = FY - 9M; |beat| > 15% read by hand,yes,2026-09-26,55 guided quarters matched to an actual,
alpha_omega,earnings_8k_ex99,sec_8k_exhibit,https://www.sec.gov/cgi-bin/browse-edgar?action=getcompany&CIK=0001387467&type=8-K,quarterly revenue guide (low/mid/high) from every earnings release since 2011,"guide_*_usdm, beat_pct","script: SEC submissions API (paged) + 8-K Exhibit 99.1, cached",guide parsed from the release (sentence stored); low <= mid <= high and mid = (low+high)/2; |beat| <= 15% unless excluded (structural break) or confirmed by a manual read (verified_outliers),yes,2026-09-26,guide parsed from the release (sentence stored): 38/44; low <= mid <= high and mid = (low+high)/2: 38/38; |beat| <= 15% unless excluded (structural break) or confirmed by a manual read (verified_outliers): 36/36,fiscal year ends June; distribution >= 72% (two distributors); consumer ~12%
alpha_omega,xbrl_revenue_inventory_cogs,sec_xbrl,https://data.sec.gov/api/xbrl/companyfacts/CIK0001387467.json,"actual revenue, inventory, cost of sales AS FIRST REPORTED","actual_usdm, inventory_usdm, cogs_usdm",script: SEC company-facts API,first-filed value per period (point in time); Q4 = FY - 9M; |beat| > 15% read by hand,yes,2026-09-26,36 guided quarters matched to an actual,
all,history_2008_2010,sec_8k_exhibit,data/raw/peer_history_releases.csv (one url per release),2008-09 cycle: guides for 2008Q3-2010Q4 and pre-XBRL actuals from the reporting release (step 6f),peer_history_panel.csv beat_pct,"script: same 8-K Exhibit 99.1 fetch, releases 2008-06 to 2011-03","history: pre-XBRL actual = narrative figure AND an income-statement revenue row (0.5%); history: release figure vs XBRL first reported (XBRL used; disagreements = narrative regex hit a comparative); history: |beat| <= 15% unless verified; history: releases without a numeric guide (read, listed, not imputed)",yes,2026-09-26,"adi history: pre-XBRL actual = narrative figure AND an income-statement revenue row (0.5%): 1/1; adi history: release figure vs XBRL first reported (XBRL used; disagreements = narrative regex hit a comparative): 9/9; lattice history: pre-XBRL actual = narrative figure AND an income-statement revenue row (0.5%): 9/9; lattice history: release figure vs XBRL first reported (XBRL used; disagreements = narrative regex hit a comparative): 2/2; microchip history: pre-XBRL actual = narrative figure AND an income-statement revenue row (0.5%): 0/0; microchip history: release figure vs XBRL first reported (XBRL used; disagreements = narrative regex hit a comparative): 10/10; onsemi history: pre-XBRL actual = narrative figure AND an income-statement revenue row (0.5%): 5/5; onsemi history: release figure vs XBRL first reported (XBRL used; disagreements = narrative regex hit a comparative): 6/6; power_integrations history: pre-XBRL actual = narrative figure AND an income-statement revenue row (0.5%): 5/5; power_integrations history: release figure vs XBRL first reported (XBRL used; disagreements = narrative regex hit a comparative): 6/6; semtech history: pre-XBRL actual = narrative figure AND an income-statement revenue row (0.5%): 5/5; semtech history: release figure vs XBRL first reported (XBRL used; disagreements = narrative regex hit a comparative): 5/5; silabs history: pre-XBRL actual = narrative figure AND an income-statement revenue row (0.5%): 5/5; silabs history: release figure vs XBRL first reported (XBRL used; disagreements = narrative regex hit a comparative): 6/6; ti history: pre-XBRL actual = narrative figure AND an income-statement revenue row (0.5%): 1/1; ti history: release figure vs XBRL first reported (XBRL used; disagreements = narrative regex hit a comparative): 9/10; all history: |beat| <= 15% unless verified: 5/5; all history: releases without a numeric guide (read, listed, not imputed): 3/3",grade B: releases are unaudited; each actual has two sources
