quarter,nordic_dio,nordic_fwd_dio,nordic_inv_spread,nordic_dso,nordic_dso_yoy_chg,nordic_ar_spread,logi_dio,logi_fwd_dio,logi_fwd_dio_expost,logi_inv_spread,logi_fg_share,logi_fg_weeks,logi_fg_spread,logi_rm_spread,logi_dso,logi_dso_yoy_chg,logi_purchases_usdm,logi_purchases_yoy,arrow_dio,arrow_dio_yoy_chg,arrow_sales_yoy,avnet_dio,avnet_dio_yoy_chg,avnet_sales_yoy,comp_dist_dio_avg,mchp_disti_days,mchp_pos_in_10y_range,it_dist_dio_avg,nordic_dist_state,logi_st_gap,gn_st_gap
2020Q1,155.12,136.12,,,,,48.34,,43.01,,0.76,5.2,,,50.78,,,,53.82,,,66.08,,,59.95,29.0,0.1,64.64,,,
2020Q2,134.4,118.95,,,,,50.9,,35.99,,0.83,6.0,,,57.65,,528.23,,53.31,,,67.66,,,60.48,30.0,0.15,65.96,,,
2020Q3,106.39,105.86,,,,,52.37,,39.2,,0.85,6.32,,,54.49,,811.19,,45.83,,,63.87,,,54.85,30.0,0.15,51.6,,,
2020Q4,94.31,88.79,,63.2,,,47.36,,52.75,,0.8,5.41,,,48.98,,1000.78,,39.83,,,61.82,,,50.83,26.0,0.0,42.58,,,
2021Q1,77.8,76.83,-98.07,86.16,,,73.14,,81.23,71.87,0.78,8.1,80.31,45.29,36.37,-14.41,1009.08,,40.09,-13.73,31.41,57.92,-8.16,14.08,49.0,22.0,0.0,50.34,1.0,,
2021Q2,57.29,60.4,-94.21,78.02,,,95.67,,92.97,121.4,0.79,10.71,107.2,189.32,37.96,-19.68,860.15,62.84,43.87,-9.43,29.61,64.46,-3.2,25.65,54.17,20.0,0.0,44.32,1.0,3.0,
2021Q3,68.0,63.11,-43.15,80.6,,,98.83,,77.48,105.8,0.75,10.58,82.18,236.03,50.86,-3.63,813.29,0.26,47.06,1.23,17.72,60.84,-3.03,18.24,53.95,19.0,0.0,53.44,1.0,3.0,
2021Q4,71.2,67.72,-46.15,75.55,,,78.12,,103.53,77.09,0.75,8.33,65.61,123.4,47.27,-1.71,981.58,-1.92,49.03,9.2,6.65,62.74,0.92,25.64,55.89,19.0,0.0,41.33,1.0,2.0,
2022Q1,77.54,70.98,-24.74,76.9,,,115.76,,121.54,61.06,0.76,12.5,57.41,73.9,50.12,13.75,834.14,-17.34,53.88,13.79,8.21,59.18,1.26,31.96,56.53,17.0,0.0,49.61,1.0,0.0,
2022Q2,65.41,65.47,5.02,85.05,,,119.49,,117.89,29.43,0.73,12.5,21.65,58.03,55.61,17.65,684.88,-20.38,54.22,10.34,10.49,69.24,4.78,21.93,61.73,19.0,0.09,49.53,1.0,0.0,
2022Q3,93.79,94.78,34.81,82.83,,,113.09,,101.34,18.36,0.74,11.99,17.4,21.26,61.37,10.5,672.68,-17.29,57.41,10.36,8.86,71.01,10.17,20.87,64.21,19.0,0.09,53.67,-1.0,-2.0,
2022Q4,102.91,131.31,74.18,83.49,,,91.86,,118.09,17.82,0.75,9.76,17.42,18.98,57.66,10.39,710.12,-27.66,59.8,10.77,3.4,76.48,13.73,14.53,68.14,22.0,0.22,47.98,-1.0,-2.0,
2023Q1,170.53,165.31,122.98,110.56,,,101.1,,103.98,-4.87,0.75,10.78,-5.77,-2.11,59.91,9.79,501.58,-39.87,66.15,12.27,-3.72,85.67,26.49,0.41,75.91,24.0,0.3,47.86,-1.0,5.0,
2023Q2,186.22,185.26,154.07,93.74,,,87.14,,84.46,-21.63,0.76,9.44,-19.38,-27.86,52.68,-2.93,488.72,-28.64,66.79,12.58,-10.0,86.93,17.69,2.85,76.86,29.0,,47.76,-1.0,7.0,
2023Q3,216.02,243.03,111.56,108.46,,,78.64,,66.78,-31.44,0.83,9.27,-24.68,-51.06,56.71,-4.66,578.94,-13.93,75.38,17.97,-13.59,93.99,22.98,-6.14,84.69,35.0,0.78,46.08,-1.0,4.0,
2023Q4,286.56,413.41,103.21,112.43,,,56.05,,71.04,-42.79,0.84,6.7,-35.78,-63.36,49.84,-7.81,642.59,-9.51,69.0,9.2,-15.81,101.49,25.02,-7.63,85.25,37.0,0.87,42.01,-1.0,-3.0,
2024Q1,465.44,277.4,104.48,125.99,,,67.1,,61.94,-43.49,0.85,8.08,-35.45,-67.4,48.87,-11.05,549.73,9.6,72.16,6.01,-20.74,105.3,19.63,-13.22,88.73,41.0,1.0,45.27,-1.0,-5.0,
2024Q2,242.17,193.59,32.27,75.84,,,67.38,,66.63,-31.36,0.88,8.47,-18.53,-72.15,49.58,-3.1,659.55,34.96,70.25,3.45,-19.05,101.42,14.49,-15.13,85.84,43.0,1.0,45.14,-0.5,-3.0,
2024Q3,206.52,234.26,-2.9,63.55,,,75.46,,62.06,-7.91,0.89,9.6,-0.14,-45.21,51.45,-5.25,690.32,19.24,68.45,-6.93,-14.78,102.52,8.54,-11.54,85.49,40.0,0.88,46.15,-0.5,-2.0,4.0
2024Q4,205.17,205.45,-33.42,40.35,,,57.66,,76.76,1.36,0.91,7.48,10.62,-46.89,44.13,-5.71,728.41,13.36,66.33,-2.68,-7.21,94.59,-6.91,-8.73,80.46,37.0,0.77,42.82,-0.5,2.0,
2025Q1,167.88,167.99,-135.26,42.86,,,79.95,70.56,68.69,19.33,0.9,10.29,27.45,-25.2,41.05,-7.82,595.02,8.24,72.5,0.34,-1.59,101.73,-3.57,-5.98,87.11,33.0,0.62,48.25,0.0,2.0,4.0
2025Q2,153.28,143.74,-48.55,36.73,,,68.16,69.51,67.93,3.28,0.91,8.79,6.15,-18.41,50.61,1.02,665.21,0.86,64.38,-5.87,9.97,95.09,-6.33,0.99,79.74,29.0,0.46,49.44,0.0,0.0,2.0
2025Q3,141.38,153.38,-39.22,50.48,,,70.37,59.94,58.51,-6.82,0.93,9.28,-3.16,-37.58,54.15,2.7,689.23,-0.16,62.73,-5.72,13.03,93.62,-8.91,5.25,78.18,27.0,0.38,49.58,0.0,1.0,2.0
2025Q4,173.84,159.28,-22.68,50.33,9.98,27.92,50.8,68.8,68.08,-13.11,0.89,6.48,-14.75,3.92,43.85,-0.28,739.21,1.48,59.93,-6.39,20.1,85.42,-9.17,11.58,72.67,28.0,0.42,43.09,0.0,4.0,
2026Q1,181.89,166.64,3.43,50.82,7.96,23.04,74.2,67.35,72.13,-10.17,0.87,9.22,-13.48,20.9,42.53,1.48,642.85,8.04,62.29,-10.2,39.03,78.12,-23.61,33.95,70.2,26.0,0.35,49.62,0.0,0.0,2.0
2026Q2,193.41,183.82,26.69,48.28,11.55,41.87,72.4,,,-8.55,0.88,9.07,-11.39,18.98,49.71,-0.9,621.54,-6.57,61.12,-3.26,31.82,74.54,-20.55,47.66,67.83,25.0,0.31,55.0,0.5,4.0,3.0
2026Q3,,,,,,,,,,,,,,,,,,,,,,,,,,,,69.31,,,
