quarter,nordic_inv_days,nordic_inv_days_chg,nordic_dist_state,logi_inv_days,logi_st_gap,gn_st_gap,ingm_inv_days,snx_inv_days,dist_inv_days_avg,dist_inv_days_chg,arrow_dio,avnet_dio,mchp_disti_days
2020Q1,,,,,,,,64.6,64.6,,53.8,66.1,29.0
2020Q2,,,,,,,,66.0,66.0,1.3,53.3,67.7,30.0
2020Q3,,,,,,,,51.6,51.6,-14.4,45.8,63.9,30.0
2020Q4,,,,,,,,42.6,42.6,-9.0,39.8,61.8,26.0
2021Q1,77.8,,1.0,,,,,50.3,50.3,7.8,40.1,57.9,22.0
2021Q2,57.3,-20.5,1.0,96.3,3.0,,,44.3,44.3,-6.0,43.9,64.5,20.0
2021Q3,68.0,10.7,1.0,99.7,3.0,,,53.4,53.4,9.1,47.1,60.8,19.0
2021Q4,71.2,3.2,1.0,78.5,2.0,,,41.3,41.3,-12.1,49.0,62.7,19.0
2022Q1,77.5,6.3,1.0,116.3,0.0,,,49.6,49.6,8.3,53.9,59.2,17.0
2022Q2,65.4,-12.1,1.0,120.3,0.0,,45.3,53.8,49.5,-0.1,54.2,69.2,19.0
2022Q3,93.8,28.4,-1.0,113.8,-2.0,,45.7,61.6,53.7,4.1,57.4,71.0,19.0
2022Q4,102.9,9.1,-1.0,92.3,-2.0,,41.5,54.5,48.0,-5.7,59.8,76.5,22.0
2023Q1,170.5,67.6,-1.0,101.9,5.0,,41.6,54.1,47.9,-0.1,66.1,85.7,24.0
2023Q2,186.2,15.7,-1.0,87.9,7.0,,41.2,54.3,47.8,-0.1,66.8,86.9,29.0
2023Q3,216.0,29.8,-1.0,79.3,4.0,,39.7,52.4,46.1,-1.7,75.4,94.0,35.0
2023Q4,286.6,70.5,-1.0,56.3,-3.0,,35.3,48.7,42.0,-4.1,69.0,101.5,37.0
2024Q1,465.4,178.9,-1.0,67.6,-5.0,,40.6,49.9,45.3,3.3,72.2,105.3,41.0
2024Q2,242.2,-223.3,-0.5,68.0,-3.0,,40.4,49.9,45.1,-0.1,70.2,101.4,43.0
2024Q3,206.5,-35.7,-0.5,76.1,-2.0,4.0,41.3,51.0,46.2,1.0,68.4,102.5,40.0
2024Q4,205.2,-1.3,-0.5,58.0,2.0,,34.6,51.1,42.8,-3.3,66.3,94.6,37.0
2025Q1,167.9,-37.3,0.0,80.5,2.0,4.0,40.1,56.4,48.2,5.4,72.5,101.7,33.0
2025Q2,153.3,-14.6,0.0,68.6,0.0,2.0,42.1,56.8,49.4,1.2,64.4,95.1,29.0
2025Q3,141.4,-11.9,0.0,70.9,1.0,2.0,41.7,57.4,49.6,0.1,62.7,93.6,27.0
2025Q4,173.8,32.5,0.0,51.1,4.0,,32.6,53.6,43.1,-6.5,59.9,85.4,28.0
2026Q1,181.9,8.0,0.0,74.6,0.0,2.0,36.3,63.0,49.6,6.5,62.3,78.1,26.0
2026Q2,193.4,11.5,0.5,66.2,4.0,3.0,40.5,69.5,55.0,5.4,61.1,74.5,25.0
2026Q3,,,,,,,,69.3,69.3,14.3,,,
