period_end,actual_usdm,quarter,company
2008-06-30,268.172,2008Q2,microchip
2008-09-30,269.706,2008Q3,microchip
2008-12-31,192.166,2008Q4,microchip
2009-03-31,173.253,2009Q1,microchip
2009-06-30,192.949,2009Q2,microchip
2009-09-30,226.661,2009Q3,microchip
2009-12-31,250.099,2009Q4,microchip
2010-03-31,278.02,2010Q1,microchip
2010-06-30,320.801,2010Q2,microchip
2010-09-30,382.271,2010Q3,microchip
2010-12-31,367.824,2010Q4,microchip
2011-03-31,416.309,2011Q1,microchip
2011-06-30,374.507,2011Q2,microchip
2011-09-30,340.602,2011Q3,microchip
2011-12-31,329.156,2011Q4,microchip
2012-03-31,338.911,2012Q1,microchip
2012-06-30,352.134,2012Q2,microchip
2012-09-30,383.298,2012Q3,microchip
2012-12-31,416.047,2012Q4,microchip
2013-03-31,430.144,2013Q1,microchip
2013-06-30,462.792,2013Q2,microchip
2013-09-30,492.669,2013Q3,microchip
2013-12-31,482.372,2013Q4,microchip
2014-03-31,493.384,2014Q1,microchip
2014-06-30,528.876,2014Q2,microchip
2014-09-30,546.243,2014Q3,microchip
2014-12-31,528.71,2014Q4,microchip
2015-03-31,543.207,2015Q1,microchip
2015-06-30,533.952,2015Q2,microchip
2015-09-30,541.391,2015Q3,microchip
2015-12-31,540.344,2015Q4,microchip
2016-03-31,557.647,2016Q1,microchip
2016-06-30,799.411,2016Q2,microchip
2016-09-30,871.364,2016Q3,microchip
2016-12-31,834.366,2016Q4,microchip
2017-03-31,902.666,2017Q1,microchip
2017-06-30,972.141,2017Q2,microchip
2017-09-30,1012.139,2017Q3,microchip
2017-12-31,994.205,2017Q4,microchip
2018-03-31,1002.315,2018Q1,microchip
2018-06-30,1212.5,2018Q2,microchip
2018-09-30,1432.5,2018Q3,microchip
2018-12-31,1374.7,2018Q4,microchip
2019-03-31,1329.8,2019Q1,microchip
2019-06-30,1322.6,2019Q2,microchip
2019-09-30,1337.8,2019Q3,microchip
2019-12-31,1287.4,2019Q4,microchip
2020-03-31,1326.4,2020Q1,microchip
2020-06-30,1309.7,2020Q2,microchip
2020-09-30,1309.5,2020Q3,microchip
2020-12-31,1352.1,2020Q4,microchip
2021-03-31,1467.1,2021Q1,microchip
2021-06-30,1569.4,2021Q2,microchip
2021-09-30,1649.8,2021Q3,microchip
2021-12-31,1757.5,2021Q4,microchip
2022-03-31,1844.2,2022Q1,microchip
2022-06-30,1963.6,2022Q2,microchip
2022-09-30,2073.2,2022Q3,microchip
2022-12-31,2169.2,2022Q4,microchip
2023-03-31,2232.7,2023Q1,microchip
2023-06-30,2288.6,2023Q2,microchip
2023-09-30,2254.3,2023Q3,microchip
2023-12-31,1765.7,2023Q4,microchip
2024-03-31,1325.8,2024Q1,microchip
2024-06-30,1241.3,2024Q2,microchip
2024-09-30,1163.8,2024Q3,microchip
2024-12-31,1026.0,2024Q4,microchip
2025-03-31,970.5,2025Q1,microchip
2025-06-30,1075.5,2025Q2,microchip
2025-09-30,1140.4,2025Q3,microchip
2025-12-31,1186.0,2025Q4,microchip
2026-03-31,1311.2,2026Q1,microchip
2026-06-30,1484.7,2026Q2,microchip
2018-09-30,2445.0,2018Q3,nxp
2019-03-31,2094.0,2019Q1,nxp
2019-06-30,2217.0,2019Q2,nxp
2019-09-29,2265.0,2019Q3,nxp
2019-12-31,2301.0,2019Q4,nxp
2020-03-29,2021.0,2020Q1,nxp
2020-06-28,1817.0,2020Q2,nxp
2020-09-27,2267.0,2020Q3,nxp
2020-12-31,2507.0,2020Q4,nxp
2021-04-04,2567.0,2021Q1,nxp
2021-07-04,2596.0,2021Q2,nxp
2021-10-03,2861.0,2021Q3,nxp
2021-12-31,3039.0,2021Q4,nxp
2022-04-03,3136.0,2022Q1,nxp
2022-07-03,3312.0,2022Q2,nxp
2022-10-02,3445.0,2022Q3,nxp
2022-12-31,3312.0,2022Q4,nxp
2023-04-02,3121.0,2023Q1,nxp
2023-07-02,3299.0,2023Q2,nxp
2023-10-01,3434.0,2023Q3,nxp
2023-12-31,3422.0,2023Q4,nxp
2024-03-31,3126.0,2024Q1,nxp
2024-06-30,3127.0,2024Q2,nxp
2024-09-29,3250.0,2024Q3,nxp
2024-12-31,3111.0,2024Q4,nxp
2025-03-30,2835.0,2025Q1,nxp
2025-06-29,2926.0,2025Q2,nxp
2025-09-28,3173.0,2025Q3,nxp
2025-12-31,3335.0,2025Q4,nxp
2026-03-29,3181.0,2026Q1,nxp
2008-06-30,3351.0,2008Q2,ti
2008-09-30,3387.0,2008Q3,ti
2009-03-31,2086.0,2009Q1,ti
2009-06-30,2457.0,2009Q2,ti
2009-09-30,2880.0,2009Q3,ti
2009-12-31,3004.0,2009Q4,ti
2010-03-31,3205.0,2010Q1,ti
2010-06-30,3496.0,2010Q2,ti
2010-09-30,3740.0,2010Q3,ti
2010-12-31,3525.0,2010Q4,ti
2011-03-31,3392.0,2011Q1,ti
2011-06-30,3458.0,2011Q2,ti
2011-09-30,3466.0,2011Q3,ti
2011-12-31,3419.0,2011Q4,ti
2012-03-31,3121.0,2012Q1,ti
2012-06-30,3335.0,2012Q2,ti
2012-09-30,3390.0,2012Q3,ti
2012-12-31,2979.0,2012Q4,ti
2013-03-31,2885.0,2013Q1,ti
2013-06-30,3047.0,2013Q2,ti
2013-09-30,3244.0,2013Q3,ti
2013-12-31,3029.0,2013Q4,ti
2014-03-31,2983.0,2014Q1,ti
2014-06-30,3292.0,2014Q2,ti
2014-09-30,3501.0,2014Q3,ti
2014-12-31,3269.0,2014Q4,ti
2015-03-31,3150.0,2015Q1,ti
2015-06-30,3232.0,2015Q2,ti
2015-09-30,3429.0,2015Q3,ti
2015-12-31,3189.0,2015Q4,ti
2016-03-31,3008.0,2016Q1,ti
2016-06-30,3273.0,2016Q2,ti
2016-09-30,3675.0,2016Q3,ti
2016-12-31,3414.0,2016Q4,ti
2017-03-31,3402.0,2017Q1,ti
2017-06-30,3693.0,2017Q2,ti
2017-09-30,4116.0,2017Q3,ti
2017-12-31,3750.0,2017Q4,ti
2018-03-31,3789.0,2018Q1,ti
2018-06-30,4017.0,2018Q2,ti
2018-09-30,4261.0,2018Q3,ti
2018-12-31,3717.0,2018Q4,ti
2019-03-31,3594.0,2019Q1,ti
2019-06-30,3668.0,2019Q2,ti
2019-09-30,3771.0,2019Q3,ti
2019-12-31,3350.0,2019Q4,ti
2020-03-31,3329.0,2020Q1,ti
2020-06-30,3239.0,2020Q2,ti
2020-09-30,3817.0,2020Q3,ti
2020-12-31,4076.0,2020Q4,ti
2021-03-31,4289.0,2021Q1,ti
2021-06-30,4580.0,2021Q2,ti
2021-09-30,4643.0,2021Q3,ti
2021-12-31,4832.0,2021Q4,ti
2022-03-31,4905.0,2022Q1,ti
2022-06-30,5212.0,2022Q2,ti
2022-09-30,5241.0,2022Q3,ti
2022-12-31,4670.0,2022Q4,ti
2023-03-31,4379.0,2023Q1,ti
2023-06-30,4531.0,2023Q2,ti
2023-09-30,4532.0,2023Q3,ti
2023-12-31,4077.0,2023Q4,ti
2024-03-31,3661.0,2024Q1,ti
2024-06-30,3822.0,2024Q2,ti
2024-09-30,4151.0,2024Q3,ti
2024-12-31,4007.0,2024Q4,ti
2025-03-31,4069.0,2025Q1,ti
2025-06-30,4448.0,2025Q2,ti
2025-09-30,4742.0,2025Q3,ti
2025-12-31,4423.0,2025Q4,ti
2026-03-31,4825.0,2026Q1,ti
2026-06-30,5463.0,2026Q2,ti
2008-08-02,658.986,2008Q2,adi
2009-01-31,476.569,2008Q4,adi
2009-05-02,474.748,2009Q1,adi
2009-08-01,491.991,2009Q2,adi
2009-10-31,571.6,2009Q3,adi
2010-01-30,602.983,2009Q4,adi
2010-05-01,668.24,2010Q1,adi
2010-07-31,720.29,2010Q2,adi
2010-10-30,769.99,2010Q3,adi
2011-02-04,728.504,2010Q4,adi
2011-04-30,790.78,2011Q1,adi
2011-07-30,757.902,2011Q2,adi
2011-10-29,716.134,2011Q3,adi
2012-02-04,648.058,2011Q4,adi
2012-05-05,675.094,2012Q1,adi
2012-08-04,683.026,2012Q2,adi
2012-11-03,694.964,2012Q3,adi
2013-02-02,622.134,2012Q4,adi
2013-05-04,659.25,2013Q1,adi
2013-08-03,674.172,2013Q2,adi
2013-11-02,678.133,2013Q3,adi
2014-02-01,628.238,2013Q4,adi
2014-05-03,694.536,2014Q1,adi
2014-08-02,727.752,2014Q2,adi
2014-11-01,814.247,2014Q3,adi
2015-01-31,771.986,2014Q4,adi
2015-05-02,821.019,2015Q1,adi
2015-08-01,863.365,2015Q2,adi
2015-10-31,978.722,2015Q3,adi
2016-01-30,769.429,2015Q4,adi
2016-04-30,778.766,2016Q1,adi
2016-07-30,869.591,2016Q2,adi
2016-10-29,1003.623,2016Q3,adi
2017-01-28,984.449,2016Q4,adi
2017-04-29,1147.982,2017Q1,adi
2017-07-29,1433.902,2017Q2,adi
2017-10-28,1541.17,2017Q3,adi
2018-02-03,1518.624,2017Q4,adi
2018-05-05,1513.053,2018Q1,adi
2018-08-04,1572.679,2018Q2,adi
2018-11-03,1596.586,2018Q3,adi
2019-02-02,1541.101,2018Q4,adi
2019-05-04,1526.602,2019Q1,adi
2019-08-03,1480.143,2019Q2,adi
2019-11-02,1443.219,2019Q3,adi
2020-02-01,1303.565,2019Q4,adi
2020-05-02,1317.06,2020Q1,adi
2020-08-01,1456.136,2020Q2,adi
2020-10-31,1526.295,2020Q3,adi
2021-01-30,1558.458,2020Q4,adi
2021-05-01,1661.407,2021Q1,adi
2021-07-31,1758.853,2021Q2,adi
2021-10-30,2339.568,2021Q3,adi
2022-01-29,2684.293,2021Q4,adi
2022-04-30,2972.064,2022Q1,adi
2022-07-30,3109.88,2022Q2,adi
2022-10-29,3247.716,2022Q3,adi
2023-01-28,3249.63,2022Q4,adi
2023-04-29,3262.93,2023Q1,adi
2023-07-29,3076.495,2023Q2,adi
2023-10-28,2716.484,2023Q3,adi
2024-02-03,2512.704,2023Q4,adi
2024-05-04,2159.039,2024Q1,adi
2024-08-03,2312.209,2024Q2,adi
2024-11-02,2443.205,2024Q3,adi
2025-02-01,2423.174,2024Q4,adi
2025-05-03,2640.068,2025Q1,adi
2025-08-02,2880.348,2025Q2,adi
2025-11-01,3076.117,2025Q3,adi
2026-01-31,3160.263,2025Q4,adi
2026-05-02,3623.465,2026Q1,adi
2026-08-01,4021.899,2026Q2,adi
2009-07-03,419.8,2009Q2,onsemi
2009-10-02,472.9,2009Q3,onsemi
2010-04-02,550.2,2010Q1,onsemi
2010-07-02,583.3,2010Q2,onsemi
2010-10-01,600.7,2010Q3,onsemi
2010-12-31,579.2,2010Q4,onsemi
2011-04-01,870.6,2011Q1,onsemi
2011-07-01,905.8,2011Q2,onsemi
2011-09-30,898.0,2011Q3,onsemi
2011-12-31,767.9,2011Q4,onsemi
2012-03-31,744.4,2012Q1,onsemi
2012-06-30,744.8,2012Q2,onsemi
2012-09-30,725.5,2012Q3,onsemi
2012-12-31,680.2,2012Q4,onsemi
2013-03-29,661.0,2013Q1,onsemi
2013-06-28,688.3,2013Q2,onsemi
2013-09-27,715.4,2013Q3,onsemi
2013-12-31,718.0,2013Q4,onsemi
2014-03-28,706.5,2014Q1,onsemi
2014-06-27,757.6,2014Q2,onsemi
2014-09-26,833.5,2014Q3,onsemi
2014-12-31,864.2,2014Q4,onsemi
2015-04-03,870.8,2015Q1,onsemi
2015-07-03,880.5,2015Q2,onsemi
2015-10-02,904.2,2015Q3,onsemi
2015-12-31,840.3,2015Q4,onsemi
2016-04-01,817.2,2016Q1,onsemi
2016-07-01,877.8,2016Q2,onsemi
2016-09-30,950.9,2016Q3,onsemi
2016-12-31,1261.0,2016Q4,onsemi
2017-03-31,1436.7,2017Q1,onsemi
2017-06-30,1338.0,2017Q2,onsemi
2017-09-29,1390.9,2017Q3,onsemi
2017-12-31,1377.5,2017Q4,onsemi
2018-03-30,1377.6,2018Q1,onsemi
2018-06-29,1455.9,2018Q2,onsemi
2018-09-28,1541.7,2018Q3,onsemi
2018-12-31,1503.1,2018Q4,onsemi
2019-03-29,1386.6,2019Q1,onsemi
2019-06-28,1347.7,2019Q2,onsemi
2019-09-27,1381.8,2019Q3,onsemi
2019-12-31,1401.8,2019Q4,onsemi
2020-04-03,1277.9,2020Q1,onsemi
2020-07-03,1213.5,2020Q2,onsemi
2020-10-02,1317.3,2020Q3,onsemi
2020-12-31,1446.3,2020Q4,onsemi
2021-04-02,1481.7,2021Q1,onsemi
2021-07-02,1669.9,2021Q2,onsemi
2021-10-01,1742.1,2021Q3,onsemi
2021-12-31,1846.1,2021Q4,onsemi
2022-04-01,1945.0,2022Q1,onsemi
2022-07-01,2085.0,2022Q2,onsemi
2022-09-30,2192.6,2022Q3,onsemi
2022-12-31,2103.6,2022Q4,onsemi
2023-03-31,1959.7,2023Q1,onsemi
2023-06-30,2094.4,2023Q2,onsemi
2023-09-29,2180.8,2023Q3,onsemi
2023-12-31,2018.1,2023Q4,onsemi
2024-03-29,1862.7,2024Q1,onsemi
2024-06-28,1735.2,2024Q2,onsemi
2024-09-27,1761.9,2024Q3,onsemi
2024-12-31,1722.5,2024Q4,onsemi
2025-04-04,1445.7,2025Q1,onsemi
2025-07-04,1468.7,2025Q2,onsemi
2025-10-03,1550.9,2025Q3,onsemi
2025-12-31,1530.1,2025Q4,onsemi
2026-04-03,1513.3,2026Q1,onsemi
2026-07-03,1603.5,2026Q2,onsemi
2009-07-04,104.216,2009Q2,silabs
2009-10-03,125.913,2009Q3,silabs
2010-04-03,126.719,2010Q1,silabs
2010-07-03,134.577,2010Q2,silabs
2010-10-02,120.154,2010Q3,silabs
2011-01-01,111.891,2010Q4,silabs
2011-04-02,119.636,2011Q1,silabs
2011-07-02,126.197,2011Q2,silabs
2011-10-01,119.1,2011Q3,silabs
2011-12-31,126.692,2011Q4,silabs
2012-03-31,125.702,2012Q1,silabs
2012-06-30,135.67,2012Q2,silabs
2012-09-29,149.461,2012Q3,silabs
2012-12-29,152.461,2012Q4,silabs
2013-03-30,145.375,2013Q1,silabs
2013-06-29,141.543,2013Q2,silabs
2013-09-28,146.933,2013Q3,silabs
2013-12-28,146.236,2013Q4,silabs
2014-03-29,145.691,2014Q1,silabs
2014-06-28,154.918,2014Q2,silabs
2014-09-27,158.144,2014Q3,silabs
2015-01-03,161.951,2014Q4,silabs
2015-04-04,163.705,2015Q1,silabs
2015-07-04,164.856,2015Q2,silabs
2015-10-03,156.194,2015Q3,silabs
2016-01-02,160.071,2015Q4,silabs
2016-04-02,162.025,2016Q1,silabs
2016-07-02,174.908,2016Q2,silabs
2016-10-01,178.083,2016Q3,silabs
2016-12-31,182.61,2016Q4,silabs
2017-04-01,179.028,2017Q1,silabs
2017-07-01,190.098,2017Q2,silabs
2017-09-30,198.723,2017Q3,silabs
2017-12-30,201.018,2017Q4,silabs
2018-03-31,205.384,2018Q1,silabs
2018-06-30,217.106,2018Q2,silabs
2018-09-29,230.243,2018Q3,silabs
2018-12-29,215.534,2018Q4,silabs
2019-03-30,188.113,2019Q1,silabs
2019-06-29,206.709,2019Q2,silabs
2019-09-28,223.294,2019Q3,silabs
2019-12-28,219.438,2019Q4,silabs
2020-04-04,214.877,2020Q1,silabs
2020-07-04,207.533,2020Q2,silabs
2020-10-03,221.35,2020Q3,silabs
2021-01-02,242.917,2020Q4,silabs
2021-04-03,255.505,2021Q1,silabs
2021-07-03,169.492,2021Q2,silabs
2021-10-02,184.831,2021Q3,silabs
2022-01-01,111.032,2021Q4,silabs
2022-04-02,233.814,2022Q1,silabs
2022-07-02,263.15,2022Q2,silabs
2022-10-01,269.817,2022Q3,silabs
2022-12-31,257.325,2022Q4,silabs
2023-04-01,246.787,2023Q1,silabs
2023-07-01,244.866,2023Q2,silabs
2023-09-30,203.76,2023Q3,silabs
2023-12-30,86.845,2023Q4,silabs
2024-03-30,106.375,2024Q1,silabs
2024-06-29,145.367,2024Q2,silabs
2024-09-28,166.395,2024Q3,silabs
2024-12-28,166.249,2024Q4,silabs
2025-04-05,177.714,2025Q1,silabs
2025-07-05,192.845,2025Q2,silabs
2025-10-04,205.999,2025Q3,silabs
2026-01-03,208.206,2025Q4,silabs
2026-04-04,213.5,2026Q1,silabs
2026-07-04,228.189,2026Q2,silabs
2009-07-26,66.317,2009Q2,semtech
2009-10-25,75.147,2009Q3,semtech
2010-05-02,101.88,2010Q1,semtech
2010-08-01,113.227,2010Q2,semtech
2010-10-31,123.125,2010Q3,semtech
2011-01-30,116.27,2010Q4,semtech
2011-05-01,122.371,2011Q1,semtech
2011-07-31,130.254,2011Q2,semtech
2011-10-30,123.944,2011Q3,semtech
2012-01-29,104.032,2011Q4,semtech
2012-04-29,116.642,2012Q1,semtech
2012-07-29,150.704,2012Q2,semtech
2012-10-28,160.878,2012Q3,semtech
2013-01-27,150.603,2012Q4,semtech
2013-04-28,162.407,2013Q1,semtech
2013-07-28,165.01,2013Q2,semtech
2013-10-27,141.026,2013Q3,semtech
2014-01-26,126.534,2013Q4,semtech
2014-04-27,132.859,2014Q1,semtech
2014-07-27,145.742,2014Q2,semtech
2014-10-26,148.89,2014Q3,semtech
2015-01-25,130.394,2014Q4,semtech
2015-04-26,130.088,2015Q1,semtech
2015-07-26,125.712,2015Q2,semtech
2015-10-25,115.81,2015Q3,semtech
2016-01-31,118.609,2015Q4,semtech
2016-05-01,131.145,2016Q1,semtech
2016-07-31,135.911,2016Q2,semtech
2016-10-30,137.185,2016Q3,semtech
2017-01-29,140.031,2016Q4,semtech
2017-04-30,143.802,2017Q1,semtech
2017-07-30,153.127,2017Q2,semtech
2017-10-29,150.304,2017Q3,semtech
2018-01-28,140.614,2017Q4,semtech
2018-04-29,130.429,2018Q1,semtech
2018-07-29,163.211,2018Q2,semtech
2018-10-28,173.55,2018Q3,semtech
2019-01-27,160.006,2018Q4,semtech
2019-04-28,131.354,2019Q1,semtech
2019-07-28,137.146,2019Q2,semtech
2019-10-27,141.011,2019Q3,semtech
2020-01-26,138.001,2019Q4,semtech
2020-04-26,132.702,2020Q1,semtech
2020-07-26,143.66,2020Q2,semtech
2020-10-25,154.082,2020Q3,semtech
2021-01-31,164.673,2020Q4,semtech
2021-05-02,170.372,2021Q1,semtech
2021-08-01,185.004,2021Q2,semtech
2021-10-31,194.932,2021Q3,semtech
2022-01-30,190.55,2021Q4,semtech
2022-05-01,202.149,2022Q1,semtech
2022-07-31,209.254,2022Q2,semtech
2022-10-30,177.618,2022Q3,semtech
2023-01-29,167.512,2022Q4,semtech
2023-04-30,236.539,2023Q1,semtech
2023-07-30,238.372,2023Q2,semtech
2023-10-29,200.899,2023Q3,semtech
2024-01-28,192.948,2023Q4,semtech
2024-04-28,206.105,2024Q1,semtech
2024-07-28,215.355,2024Q2,semtech
2024-10-27,236.825,2024Q3,semtech
2025-01-26,251.002,2024Q4,semtech
2025-04-27,251.06,2025Q1,semtech
2025-07-27,257.589,2025Q2,semtech
2025-10-26,266.971,2025Q3,semtech
2026-01-25,274.355,2025Q4,semtech
2026-04-26,291.018,2026Q1,semtech
2009-06-30,49.25,2009Q2,power_integrations
2009-09-30,60.024,2009Q3,power_integrations
2010-03-31,71.507,2010Q1,power_integrations
2010-06-30,79.858,2010Q2,power_integrations
2010-09-30,75.452,2010Q3,power_integrations
2010-12-31,72.986,2010Q4,power_integrations
2011-03-31,76.762,2011Q1,power_integrations
2011-06-30,80.184,2011Q2,power_integrations
2011-09-30,75.063,2011Q3,power_integrations
2011-12-31,66.73,2011Q4,power_integrations
2012-03-31,71.773,2012Q1,power_integrations
2012-06-30,76.382,2012Q2,power_integrations
2012-09-30,78.045,2012Q3,power_integrations
2012-12-31,79.17,2012Q4,power_integrations
2013-03-31,77.04,2013Q1,power_integrations
2013-06-30,87.922,2013Q2,power_integrations
2013-09-30,91.715,2013Q3,power_integrations
2013-12-31,90.412,2013Q4,power_integrations
2014-03-31,83.073,2014Q1,power_integrations
2014-06-30,88.985,2014Q2,power_integrations
2014-09-30,90.144,2014Q3,power_integrations
2014-12-31,86.595,2014Q4,power_integrations
2015-03-31,82.557,2015Q1,power_integrations
2015-06-30,85.265,2015Q2,power_integrations
2015-09-30,88.878,2015Q3,power_integrations
2015-12-31,87.289,2015Q4,power_integrations
2016-03-31,85.326,2016Q1,power_integrations
2016-06-30,97.169,2016Q2,power_integrations
2016-09-30,103.79,2016Q3,power_integrations
2016-12-31,101.108,2016Q4,power_integrations
2017-03-31,104.688,2017Q1,power_integrations
2017-06-30,107.563,2017Q2,power_integrations
2017-09-30,111.255,2017Q3,power_integrations
2017-12-31,108.249,2017Q4,power_integrations
2018-03-31,103.081,2018Q1,power_integrations
2018-06-30,109.482,2018Q2,power_integrations
2018-09-30,110.085,2018Q3,power_integrations
2018-12-31,93.307,2018Q4,power_integrations
2019-03-31,89.188,2019Q1,power_integrations
2019-06-30,102.865,2019Q2,power_integrations
2019-09-30,114.159,2019Q3,power_integrations
2019-12-31,114.457,2019Q4,power_integrations
2020-03-31,109.664,2020Q1,power_integrations
2020-06-30,106.832,2020Q2,power_integrations
2020-09-30,121.129,2020Q3,power_integrations
2020-12-31,150.693,2020Q4,power_integrations
2021-03-31,173.737,2021Q1,power_integrations
2021-06-30,180.11,2021Q2,power_integrations
2021-09-30,176.776,2021Q3,power_integrations
2021-12-31,172.654,2021Q4,power_integrations
2022-03-31,182.149,2022Q1,power_integrations
2022-06-30,183.986,2022Q2,power_integrations
2022-09-30,160.233,2022Q3,power_integrations
2022-12-31,124.77,2022Q4,power_integrations
2023-03-31,106.297,2023Q1,power_integrations
2023-06-30,123.223,2023Q2,power_integrations
2023-09-30,125.511,2023Q3,power_integrations
2023-12-31,89.507,2023Q4,power_integrations
2024-03-31,91.688,2024Q1,power_integrations
2024-06-30,106.198,2024Q2,power_integrations
2024-09-30,115.837,2024Q3,power_integrations
2024-12-31,105.25,2024Q4,power_integrations
2025-03-31,105.529,2025Q1,power_integrations
2025-06-30,115.852,2025Q2,power_integrations
2025-09-30,118.919,2025Q3,power_integrations
2025-12-31,103.204,2025Q4,power_integrations
2026-03-31,108.308,2026Q1,power_integrations
2026-06-30,118.939,2026Q2,power_integrations
2010-07-03,77.119,2010Q2,lattice
2010-10-02,77.137,2010Q3,lattice
2011-04-02,82.615,2011Q1,lattice
2011-07-02,83.861,2011Q2,lattice
2011-10-01,81.72,2011Q3,lattice
2011-12-31,70.17,2011Q4,lattice
2012-03-31,71.7,2012Q1,lattice
2012-06-30,70.792,2012Q2,lattice
2012-09-29,70.889,2012Q3,lattice
2012-12-29,65.875,2012Q4,lattice
2013-03-30,71.158,2013Q1,lattice
2013-06-29,84.694,2013Q2,lattice
2013-09-28,87.154,2013Q3,lattice
2013-12-28,89.519,2013Q4,lattice
2014-03-29,96.637,2014Q1,lattice
2014-06-28,99.32,2014Q2,lattice
2014-09-27,86.57,2014Q3,lattice
2015-01-03,83.6,2014Q4,lattice
2015-04-04,88.597,2015Q1,lattice
2015-07-04,106.46,2015Q2,lattice
2015-10-03,109.715,2015Q3,lattice
2016-01-02,101.194,2015Q4,lattice
2016-04-02,96.512,2016Q1,lattice
2016-07-02,99.209,2016Q2,lattice
2016-10-01,113.225,2016Q3,lattice
2016-12-31,118.108,2016Q4,lattice
2017-04-01,104.587,2017Q1,lattice
2017-07-01,94.137,2017Q2,lattice
2017-09-30,91.971,2017Q3,lattice
2017-12-30,95.266,2017Q4,lattice
2018-03-31,98.623,2018Q1,lattice
2018-06-30,102.715,2018Q2,lattice
2018-09-29,101.484,2018Q3,lattice
2018-12-29,95.977,2018Q4,lattice
2019-03-30,98.091,2019Q1,lattice
2019-06-29,102.296,2019Q2,lattice
2019-09-28,103.469,2019Q3,lattice
2019-12-28,100.237,2019Q4,lattice
2020-03-28,97.316,2020Q1,lattice
2020-06-27,100.589,2020Q2,lattice
2020-09-26,103.042,2020Q3,lattice
2021-01-02,107.173,2020Q4,lattice
2021-04-03,115.716,2021Q1,lattice
2021-07-03,125.905,2021Q2,lattice
2021-10-02,131.911,2021Q3,lattice
2022-01-01,141.795,2021Q4,lattice
2022-04-02,150.515,2022Q1,lattice
2022-07-02,161.372,2022Q2,lattice
2022-10-01,172.509,2022Q3,lattice
2022-12-31,175.96,2022Q4,lattice
2023-04-01,184.31,2023Q1,lattice
2023-07-01,190.079,2023Q2,lattice
2023-09-30,192.169,2023Q3,lattice
2023-12-30,170.596,2023Q4,lattice
2024-03-30,140.815,2024Q1,lattice
2024-06-29,124.076,2024Q2,lattice
2024-09-28,127.091,2024Q3,lattice
2024-12-28,117.419,2024Q4,lattice
2025-03-29,120.15,2025Q1,lattice
2025-06-28,123.971,2025Q2,lattice
2025-09-27,133.349,2025Q3,lattice
2026-01-03,145.792,2025Q4,lattice
2026-04-04,170.897,2026Q1,lattice
2026-07-04,201.079,2026Q2,lattice
2010-06-30,18.176,2010Q2,maxlinear
2010-09-30,18.523,2010Q3,maxlinear
2011-03-31,16.908,2011Q1,maxlinear
2011-06-30,18.094,2011Q2,maxlinear
2011-09-30,17.639,2011Q3,maxlinear
2011-12-31,19.296,2011Q4,maxlinear
2012-03-31,20.683,2012Q1,maxlinear
2012-06-30,24.42,2012Q2,maxlinear
2012-09-30,27.795,2012Q3,maxlinear
2012-12-31,24.83,2012Q4,maxlinear
2013-03-31,26.534,2013Q1,maxlinear
2013-06-30,29.773,2013Q2,maxlinear
2013-09-30,31.765,2013Q3,maxlinear
2013-12-31,31.574,2013Q4,maxlinear
2014-03-31,32.501,2014Q1,maxlinear
2014-06-30,35.592,2014Q2,maxlinear
2014-09-30,32.541,2014Q3,maxlinear
2014-12-31,32.478,2014Q4,maxlinear
2015-03-31,35.396,2015Q1,maxlinear
2015-06-30,70.824,2015Q2,maxlinear
2015-09-30,95.191,2015Q3,maxlinear
2015-12-31,98.949,2015Q4,maxlinear
2016-03-31,102.685,2016Q1,maxlinear
2016-06-30,101.687,2016Q2,maxlinear
2016-09-30,96.324,2016Q3,maxlinear
2016-12-31,87.136,2016Q4,maxlinear
2017-03-31,88.841,2017Q1,maxlinear
2017-06-30,104.175,2017Q2,maxlinear
2017-09-30,113.581,2017Q3,maxlinear
2017-12-31,113.721,2017Q4,maxlinear
2018-03-31,110.827,2018Q1,maxlinear
2018-06-30,101.533,2018Q2,maxlinear
2018-09-30,85.01,2018Q3,maxlinear
2018-12-31,87.627,2018Q4,maxlinear
2019-03-31,84.635,2019Q1,maxlinear
2019-06-30,82.507,2019Q2,maxlinear
2019-09-30,80.02,2019Q3,maxlinear
2019-12-31,70.018,2019Q4,maxlinear
2020-03-31,62.027,2020Q1,maxlinear
2020-06-30,65.22,2020Q2,maxlinear
2020-09-30,156.633,2020Q3,maxlinear
2020-12-31,194.716,2020Q4,maxlinear
2021-03-31,209.359,2021Q1,maxlinear
2021-06-30,205.376,2021Q2,maxlinear
2021-09-30,229.774,2021Q3,maxlinear
2021-12-31,247.889,2021Q4,maxlinear
2022-03-31,263.927,2022Q1,maxlinear
2022-06-30,280.009,2022Q2,maxlinear
2022-09-30,285.73,2022Q3,maxlinear
2022-12-31,290.586,2022Q4,maxlinear
2023-03-31,248.442,2023Q1,maxlinear
2023-06-30,183.938,2023Q2,maxlinear
2023-09-30,135.53,2023Q3,maxlinear
2023-12-31,125.353,2023Q4,maxlinear
2024-03-31,95.269,2024Q1,maxlinear
2024-06-30,91.99,2024Q2,maxlinear
2024-09-30,81.102,2024Q3,maxlinear
2024-12-31,92.167,2024Q4,maxlinear
2025-03-31,95.933,2025Q1,maxlinear
2025-06-30,108.813,2025Q2,maxlinear
2025-09-30,126.459,2025Q3,maxlinear
2025-12-31,136.436,2025Q4,maxlinear
2026-03-31,137.188,2026Q1,maxlinear
2026-06-30,168.847,2026Q2,maxlinear
2010-06-30,55.69,2010Q2,monolithic_power
2010-09-30,65.843,2010Q3,monolithic_power
2011-03-31,44.468,2011Q1,monolithic_power
2011-06-30,51.628,2011Q2,monolithic_power
2011-09-30,52.962,2011Q3,monolithic_power
2011-12-31,47.461,2011Q4,monolithic_power
2012-03-31,50.484,2012Q1,monolithic_power
2012-06-30,58.607,2012Q2,monolithic_power
2012-09-30,56.508,2012Q3,monolithic_power
2012-12-31,48.214,2012Q4,monolithic_power
2013-03-31,51.47,2013Q1,monolithic_power
2013-06-30,57.714,2013Q2,monolithic_power
2013-09-30,65.347,2013Q3,monolithic_power
2013-12-31,63.56,2013Q4,monolithic_power
2014-03-31,60.061,2014Q1,monolithic_power
2014-06-30,68.436,2014Q2,monolithic_power
2014-09-30,78.335,2014Q3,monolithic_power
2014-12-31,75.703,2014Q4,monolithic_power
2015-03-31,73.538,2015Q1,monolithic_power
2015-06-30,81.416,2015Q2,monolithic_power
2015-09-30,91.194,2015Q3,monolithic_power
2015-12-31,86.919,2015Q4,monolithic_power
2016-03-31,84.512,2016Q1,monolithic_power
2016-06-30,94.079,2016Q2,monolithic_power
2016-09-30,106.456,2016Q3,monolithic_power
2016-12-31,103.618,2016Q4,monolithic_power
2017-03-31,100.362,2017Q1,monolithic_power
2017-06-30,112.198,2017Q2,monolithic_power
2017-09-30,128.939,2017Q3,monolithic_power
2017-12-31,129.43,2017Q4,monolithic_power
2018-03-31,129.15,2018Q1,monolithic_power
2018-06-30,139.761,2018Q2,monolithic_power
2018-09-30,159.975,2018Q3,monolithic_power
2018-12-31,153.496,2018Q4,monolithic_power
2019-03-31,141.363,2019Q1,monolithic_power
2019-06-30,151.007,2019Q2,monolithic_power
2019-09-30,168.813,2019Q3,monolithic_power
2019-12-31,166.738,2019Q4,monolithic_power
2020-03-31,165.778,2020Q1,monolithic_power
2020-06-30,186.209,2020Q2,monolithic_power
2020-09-30,259.422,2020Q3,monolithic_power
2020-12-31,233.043,2020Q4,monolithic_power
2021-03-31,254.455,2021Q1,monolithic_power
2021-06-30,293.317,2021Q2,monolithic_power
2021-09-30,323.522,2021Q3,monolithic_power
2021-12-31,336.504,2021Q4,monolithic_power
2022-03-31,377.714,2022Q1,monolithic_power
2022-06-30,461.004,2022Q2,monolithic_power
2022-09-30,495.418,2022Q3,monolithic_power
2022-12-31,460.012,2022Q4,monolithic_power
2023-03-31,451.065,2023Q1,monolithic_power
2023-06-30,441.128,2023Q2,monolithic_power
2023-09-30,474.867,2023Q3,monolithic_power
2023-12-31,454.012,2023Q4,monolithic_power
2024-03-31,457.885,2024Q1,monolithic_power
2024-06-30,507.431,2024Q2,monolithic_power
2024-09-30,620.119,2024Q3,monolithic_power
2024-12-31,621.665,2024Q4,monolithic_power
2025-03-31,637.554,2025Q1,monolithic_power
2025-06-30,664.574,2025Q2,monolithic_power
2025-09-30,737.176,2025Q3,monolithic_power
2025-12-31,751.155,2025Q4,monolithic_power
2026-03-31,804.185,2026Q1,monolithic_power
2026-06-30,980.642,2026Q2,monolithic_power
2011-09-30,83.448,2011Q3,alpha_omega
2011-12-31,80.713,2011Q4,alpha_omega
2012-03-31,83.858,2012Q1,alpha_omega
2012-06-30,94.272,2012Q2,alpha_omega
2012-09-30,95.761,2012Q3,alpha_omega
2012-12-31,89.448,2012Q4,alpha_omega
2013-03-31,75.015,2013Q1,alpha_omega
2013-09-30,84.121,2013Q3,alpha_omega
2017-09-30,104.858,2017Q3,alpha_omega
2017-12-31,103.896,2017Q4,alpha_omega
2018-03-31,102.902,2018Q1,alpha_omega
2018-06-30,109.897,2018Q2,alpha_omega
2018-09-30,115.072,2018Q3,alpha_omega
2018-12-31,114.925,2018Q4,alpha_omega
2019-03-31,109.067,2019Q1,alpha_omega
2019-06-30,111.856,2019Q2,alpha_omega
2019-09-30,117.802,2019Q3,alpha_omega
2019-12-31,117.86,2019Q4,alpha_omega
2020-03-31,106.852,2020Q1,alpha_omega
2020-06-30,122.395,2020Q2,alpha_omega
2020-09-30,151.551,2020Q3,alpha_omega
2020-12-31,158.83,2020Q4,alpha_omega
2021-03-31,169.212,2021Q1,alpha_omega
2021-06-30,177.309,2021Q2,alpha_omega
2021-09-30,187.035,2021Q3,alpha_omega
2021-12-31,193.319,2021Q4,alpha_omega
2022-03-31,203.239,2022Q1,alpha_omega
2022-06-30,193.959,2022Q2,alpha_omega
2022-09-30,208.476,2022Q3,alpha_omega
2022-12-31,188.76,2022Q4,alpha_omega
2023-03-31,132.56,2023Q1,alpha_omega
2023-06-30,161.525,2023Q2,alpha_omega
2023-09-30,180.633,2023Q3,alpha_omega
2023-12-31,165.285,2023Q4,alpha_omega
2024-03-31,150.06,2024Q1,alpha_omega
2024-06-30,161.296,2024Q2,alpha_omega
2024-09-30,181.887,2024Q3,alpha_omega
2024-12-31,173.156,2024Q4,alpha_omega
2025-03-31,164.635,2025Q1,alpha_omega
2025-06-30,176.484,2025Q2,alpha_omega
2025-09-30,182.501,2025Q3,alpha_omega
2025-12-31,162.263,2025Q4,alpha_omega
2026-03-31,163.792,2026Q1,alpha_omega
2026-06-30,170.371,2026Q2,alpha_omega
