fcc_id,grant_date,product_type_guess,radio_types,bands_mhz,n_exhibits,internal_photos_public,internal_photos_url,users_manual_url,exhibits_page,fccid_io_mirror,soc_marking_observed,chip_vendor,notes
JNZMR0156,2026-09-22,mouse (MR),proprietary 2.4GHz,2405.0-2474.0,10,"no (short-term confidentiality, ~180 days)",,,https://apps.fcc.gov/oetcf/eas/reports/ViewExhibitReport.cfm?mode=Exhibits&RequestTimeout=500&calledFromFrame=N&application_id=dMiBaqcIvI4s9ev8ub8P9g%3D%3D&fcc_id=JNZMR0156,https://fccid.io/JNZMR0156,,,
JNZVR0052,2026-09-17,video collab / webcam (VR),BLE + Wi-Fi 2.4 + Wi-Fi 5/6GHz,5180.0-5240.0;5260.0-5320.0;5500.0-5720.0;5745.0-5825.0;2402.0-2480.0;2412.0-2462.0,12,"no (short-term confidentiality, ~180 days)",,,https://apps.fcc.gov/oetcf/eas/reports/ViewExhibitReport.cfm?mode=Exhibits&RequestTimeout=500&calledFromFrame=N&application_id=vDNZfYNdXygJOxJHtCbT6w%3D%3D&fcc_id=JNZVR0052,https://fccid.io/JNZVR0052,,,
JNZMR0157,2026-09-17,mouse (MR),proprietary 2.4GHz,2405.0-2474.0,11,"no (short-term confidentiality, ~180 days)",,,https://apps.fcc.gov/oetcf/eas/reports/ViewExhibitReport.cfm?mode=Exhibits&RequestTimeout=500&calledFromFrame=N&application_id=6m9vfZc6aZTL9GaIs6LCzw%3D%3D&fcc_id=JNZMR0157,https://fccid.io/JNZMR0157,,,
JNZMR0158,2026-09-17,mouse (MR),proprietary 2.4GHz,2405.0-2474.0,10,"no (short-term confidentiality, ~180 days)",,,https://apps.fcc.gov/oetcf/eas/reports/ViewExhibitReport.cfm?mode=Exhibits&RequestTimeout=500&calledFromFrame=N&application_id=YUlQhv2fziNCMj2bEicjtw%3D%3D&fcc_id=JNZMR0158,https://fccid.io/JNZMR0158,,,
JNZMR0159,2026-09-10,mouse (MR),proprietary 2.4GHz,2405.0-2474.0,11,"no (short-term confidentiality, ~180 days)",,,https://apps.fcc.gov/oetcf/eas/reports/ViewExhibitReport.cfm?mode=Exhibits&RequestTimeout=500&calledFromFrame=N&application_id=qdjwPx1BpnEzwJ8qxiYslw%3D%3D&fcc_id=JNZMR0159,https://fccid.io/JNZMR0159,,,
JNZAR0203,2026-07-30,audio headset / dongle (AR),BLE,2402.0-2480.0,15,"no (short-term confidentiality, ~180 days)",,,https://apps.fcc.gov/oetcf/eas/reports/ViewExhibitReport.cfm?mode=Exhibits&RequestTimeout=500&calledFromFrame=N&application_id=XyjN3FdgAqoYIIIiGg49FQ%3D%3D&fcc_id=JNZAR0203,https://fccid.io/JNZAR0203,,,
JNZYR0126,2026-07-30,keyboard/combo? (YR),BLE + proprietary 2.4GHz,2402.0-2480.0;2404.0-2478.0,11,"no (short-term confidentiality, ~180 days)",,,https://apps.fcc.gov/oetcf/eas/reports/ViewExhibitReport.cfm?mode=Exhibits&RequestTimeout=500&calledFromFrame=N&application_id=4oQZs4unnlvj8HWKAfjsdg%3D%3D&fcc_id=JNZYR0126,https://fccid.io/JNZYR0126,,,
JNZYR0116,2026-07-30,keyboard/combo? (YR),proprietary 2.4GHz,2405.0-2474.0,11,"no (short-term confidentiality, ~180 days)",,,https://apps.fcc.gov/oetcf/eas/reports/ViewExhibitReport.cfm?mode=Exhibits&RequestTimeout=500&calledFromFrame=N&application_id=y6LunsRdhClzM9p8x6dX1g%3D%3D&fcc_id=JNZYR0116,https://fccid.io/JNZYR0116,,,
JNZYR0115,2026-07-30,keyboard/combo? (YR),proprietary 2.4GHz,2405.0-2474.0,11,"no (short-term confidentiality, ~180 days)",,,https://apps.fcc.gov/oetcf/eas/reports/ViewExhibitReport.cfm?mode=Exhibits&RequestTimeout=500&calledFromFrame=N&application_id=XiJkQGKoy9a5EcDyQKK%2BRQ%3D%3D&fcc_id=JNZYR0115,https://fccid.io/JNZYR0115,,,
JNZMR0143,2026-07-21,mouse (MR),BLE + proprietary 2.4GHz,2402.0-2480.0;2404.0-2478.0,11,"no (short-term confidentiality, ~180 days)",,,https://apps.fcc.gov/oetcf/eas/reports/ViewExhibitReport.cfm?mode=Exhibits&RequestTimeout=500&calledFromFrame=N&application_id=v4dH49%2B3tjawUVW0xBMmLQ%3D%3D&fcc_id=JNZMR0143,https://fccid.io/JNZMR0143,,,
JNZMR0136,2026-07-09,mouse (MR),BLE + proprietary 2.4GHz,2402.0-2480.0;2404.0-2478.0,10,"no (short-term confidentiality, ~180 days)",,,https://apps.fcc.gov/oetcf/eas/reports/ViewExhibitReport.cfm?mode=Exhibits&RequestTimeout=500&calledFromFrame=N&application_id=tDMp7ycg8%2FYqxEVt%2BpEcNg%3D%3D&fcc_id=JNZMR0136,https://fccid.io/JNZMR0136,,,
JNZVR0050,2026-06-25,video collab / webcam (VR),BLE + Wi-Fi 2.4 + Wi-Fi 5/6GHz + radar 24/60GHz,24150.0-24240.0;2402.0-2480.0;2412.0-2462.0;5180.0-5240.0;5260.0-5320.0;5500.0-5700.0;5745.0-5825.0,13,"no (short-term confidentiality, ~180 days)",,,https://apps.fcc.gov/oetcf/eas/reports/ViewExhibitReport.cfm?mode=Exhibits&RequestTimeout=500&calledFromFrame=N&application_id=nWxizCIYZtB1kacobHMHTQ%3D%3D&fcc_id=JNZVR0050,https://fccid.io/JNZVR0050,,,
JNZMR0139,2026-06-09,mouse (MR),BLE + proprietary 2.4GHz,2402.0-2480.0;2404.0-2478.0,11,"no (short-term confidentiality, ~180 days)",,,https://apps.fcc.gov/oetcf/eas/reports/ViewExhibitReport.cfm?mode=Exhibits&RequestTimeout=500&calledFromFrame=N&application_id=nNSvoenJPrjn5UEMzg1m0g%3D%3D&fcc_id=JNZMR0139,https://fccid.io/JNZMR0139,,,
JNZMR0142,2026-05-13,mouse (MR),proprietary 2.4GHz,2403.0-2479.0,10,"no (short-term confidentiality, ~180 days)",,,https://apps.fcc.gov/oetcf/eas/reports/ViewExhibitReport.cfm?mode=Exhibits&RequestTimeout=500&calledFromFrame=N&application_id=KSbt0XfDEmfGTJSUW2XREA%3D%3D&fcc_id=JNZMR0142,https://fccid.io/JNZMR0142,,,
JNZMR0134,2026-05-11,mouse (MR),proprietary 2.4GHz,2403.0-2477.0;2403.0-2479.0,12,"no (short-term confidentiality, ~180 days)",,,https://apps.fcc.gov/oetcf/eas/reports/ViewExhibitReport.cfm?mode=Exhibits&RequestTimeout=500&calledFromFrame=N&application_id=TVHepr5fly1bMOlkNMkIoA%3D%3D&fcc_id=JNZMR0134,https://fccid.io/JNZMR0134,,,
JNZCU0030,2026-05-07,CU series,proprietary 2.4GHz,2403.0-2477.0;2403.0-2479.0,11,"no (short-term confidentiality, ~180 days)",,,https://apps.fcc.gov/oetcf/eas/reports/ViewExhibitReport.cfm?mode=Exhibits&RequestTimeout=500&calledFromFrame=N&application_id=MXzGavaD78WAAZPsZd%2FW3g%3D%3D&fcc_id=JNZCU0030,https://fccid.io/JNZCU0030,,,
JNZAR0211,2026-04-22,audio headset / dongle (AR),BLE + proprietary 2.4GHz,2402.0-2480.0;2404.0-2474.0;2404.0-2478.0,12,"no (short-term confidentiality, ~180 days)",,,https://apps.fcc.gov/oetcf/eas/reports/ViewExhibitReport.cfm?mode=Exhibits&RequestTimeout=500&calledFromFrame=N&application_id=paCrFVddu0ld9BgJ%2BuLi2g%3D%3D&fcc_id=JNZAR0211,https://fccid.io/JNZAR0211,,,
JNZAR0212,2026-04-22,audio headset / dongle (AR),BLE + proprietary 2.4GHz,2402.0-2480.0;2404.0-2474.0,11,"no (short-term confidentiality, ~180 days)",,,https://apps.fcc.gov/oetcf/eas/reports/ViewExhibitReport.cfm?mode=Exhibits&RequestTimeout=500&calledFromFrame=N&application_id=84WOjqKTOxjrIkW8JRbrVg%3D%3D&fcc_id=JNZAR0212,https://fccid.io/JNZAR0212,,,
JNZAR0207,2026-03-16,audio headset / dongle (AR),BLE,2402.0-2480.0,22,yes,https://apps.fcc.gov/eas/GetApplicationAttachment.html?id=9139156 https://apps.fcc.gov/eas/GetApplicationAttachment.html?id=9139157 https://apps.fcc.gov/eas/GetApplicationAttachment.html?id=9139158,,https://apps.fcc.gov/oetcf/eas/reports/ViewExhibitReport.cfm?mode=Exhibits&RequestTimeout=500&calledFromFrame=N&application_id=mwPJP5bkCCyILJm%2FNHE%2BYw%3D%3D&fcc_id=JNZAR0207,https://fccid.io/JNZAR0207,,,
JNZAR0209,2026-01-30,audio headset / dongle (AR),BLE + proprietary 2.4GHz,2402.0-2480.0;2404.0-2478.0,17,yes,https://apps.fcc.gov/eas/GetApplicationAttachment.html?id=9042264,https://apps.fcc.gov/eas/GetApplicationAttachment.html?id=9042268,https://apps.fcc.gov/oetcf/eas/reports/ViewExhibitReport.cfm?mode=Exhibits&RequestTimeout=500&calledFromFrame=N&application_id=T%2FF75DkQAd5Kvinqw6sz%2BQ%3D%3D&fcc_id=JNZAR0209,https://fccid.io/JNZAR0209,,,
JNZMR0124,2026-01-08,mouse (MR),BLE + proprietary 2.4GHz,2402.0-2480.0;2403.0-2479.0;2404.0-2478.0,17,yes,https://apps.fcc.gov/eas/GetApplicationAttachment.html?id=8970287,https://apps.fcc.gov/eas/GetApplicationAttachment.html?id=8970291,https://apps.fcc.gov/oetcf/eas/reports/ViewExhibitReport.cfm?mode=Exhibits&RequestTimeout=500&calledFromFrame=N&application_id=wKrJrGTgkWw7bOZb1Zh%2FHg%3D%3D&fcc_id=JNZMR0124,https://fccid.io/JNZMR0124,N52833 QIAAB0 2527AB,Nordic,read 2026-09-23 via fccid.io internal photos: nRF52833; page 2; gaming mouse (HERO sensor board)
JNZMR0121,2025-12-30,mouse (MR),BLE,2402.0-2480.0,17,yes,https://apps.fcc.gov/eas/GetApplicationAttachment.html?id=8945292,https://apps.fcc.gov/eas/GetApplicationAttachment.html?id=8945296,https://apps.fcc.gov/oetcf/eas/reports/ViewExhibitReport.cfm?mode=Exhibits&RequestTimeout=500&calledFromFrame=N&application_id=hwXNCuQ%2Bz8VfWBToubjmMw%3D%3D&fcc_id=JNZMR0121,https://fccid.io/JNZMR0121,N52820 QDAAC1 2450B,Nordic,read 2026-09-23 via fccid.io internal photos: nRF52820; page 6 of internal photos
JNZVR0040,2025-12-15,video collab / webcam (VR),BLE + Wi-Fi 2.4 + Wi-Fi 5/6GHz,2402.0-2480.0;2412.0-2462.0;5180.0-5240.0;5260.0-5320.0;5500.0-5720.0;5745.0-5825.0,18,yes,https://apps.fcc.gov/eas/GetApplicationAttachment.html?id=8888114 https://apps.fcc.gov/eas/GetApplicationAttachment.html?id=8888115,https://apps.fcc.gov/eas/GetApplicationAttachment.html?id=8888118,https://apps.fcc.gov/oetcf/eas/reports/ViewExhibitReport.cfm?mode=Exhibits&RequestTimeout=500&calledFromFrame=N&application_id=gi5KCC0ea6AN6LbIPTyrfg%3D%3D&fcc_id=JNZVR0040,https://fccid.io/JNZVR0040,,,
JNZVR0041,2025-11-21,video collab / webcam (VR),BLE + radar 24/60GHz + sub-GHz,902.3-914.9;2402.0-2480.0;59220.0-60560.0,22,yes,https://apps.fcc.gov/eas/GetApplicationAttachment.html?id=8777303,,https://apps.fcc.gov/oetcf/eas/reports/ViewExhibitReport.cfm?mode=Exhibits&RequestTimeout=500&calledFromFrame=N&application_id=oyKed%2B4vTH66d6mou4uS%2BQ%3D%3D&fcc_id=JNZVR0041,https://fccid.io/JNZVR0041,,,
JNZRR0021,2025-11-18,receiver/dongle (RR),BLE,2402.0-2480.0,18,yes,https://apps.fcc.gov/eas/GetApplicationAttachment.html?id=8744654,https://apps.fcc.gov/eas/GetApplicationAttachment.html?id=8744659,https://apps.fcc.gov/oetcf/eas/reports/ViewExhibitReport.cfm?mode=Exhibits&RequestTimeout=500&calledFromFrame=N&application_id=7RS4g8hVchdXTcwEbbp6ww%3D%3D&fcc_id=JNZRR0021,https://fccid.io/JNZRR0021,N52833 Q1AAB0,Nordic,read 2026-09-23 via fccid.io internal photos: nRF52833; page 5
JNZYR0112,2025-11-18,keyboard/combo? (YR),BLE,2402.0-2480.0,18,yes,https://apps.fcc.gov/eas/GetApplicationAttachment.html?id=8745889,https://apps.fcc.gov/eas/GetApplicationAttachment.html?id=8745894,https://apps.fcc.gov/oetcf/eas/reports/ViewExhibitReport.cfm?mode=Exhibits&RequestTimeout=500&calledFromFrame=N&application_id=JpvWfhiwWsaHnF6S1xbD1w%3D%3D&fcc_id=JNZYR0112,https://fccid.io/JNZYR0112,N52832 QFABG1 2529AU,Nordic,read 2026-09-23 via fccid.io internal photos: nRF52832; page 3; keyboard
JNZMR0125,2025-11-18,mouse (MR),BLE + proprietary 2.4GHz,2402.0-2480.0;2404.0-2478.0,18,yes,https://apps.fcc.gov/eas/GetApplicationAttachment.html?id=8745066,https://apps.fcc.gov/eas/GetApplicationAttachment.html?id=8745070,https://apps.fcc.gov/oetcf/eas/reports/ViewExhibitReport.cfm?mode=Exhibits&RequestTimeout=500&calledFromFrame=N&application_id=yTZVypGOkVjkoKcsf62%2Bng%3D%3D&fcc_id=JNZMR0125,https://fccid.io/JNZMR0125,N52820 QDAAC0 2527AB,Nordic,read 2026-09-23 via fccid.io internal photos: nRF52820; page 7
JNZCU0029,2025-11-18,CU series,BLE + proprietary 2.4GHz,2402.0-2480.0;2404.0-2478.0,18,yes,https://apps.fcc.gov/eas/GetApplicationAttachment.html?id=8732776,,https://apps.fcc.gov/oetcf/eas/reports/ViewExhibitReport.cfm?mode=Exhibits&RequestTimeout=500&calledFromFrame=N&application_id=0B5WsyQZGzG3yw%2FfUCSZdg%3D%3D&fcc_id=JNZCU0029,https://fccid.io/JNZCU0029,N5283x QFAA 2514,Nordic,read 2026-09-23 via fccid.io internal photos: QFAA package code = nRF52832; page 3; marking small
JNZA00198,2025-09-25,headset / audio (A0),BLE + proprietary 2.4GHz,2402.0-2480.0;2404.0-2478.0,17,yes,https://apps.fcc.gov/eas/GetApplicationAttachment.html?id=8699565,,https://apps.fcc.gov/oetcf/eas/reports/ViewExhibitReport.cfm?mode=Exhibits&RequestTimeout=500&calledFromFrame=N&application_id=izaNTZkDsbNEwtWIe%2FVO6A%3D%3D&fcc_id=JNZA00198,https://fccid.io/JNZA00198,AIROHA AB1571DN (headset) + AB1571DN (USB dongle),Airoha,read 2026-09-23 via fccid.io internal photos: Bluetooth audio SoC in headset and dongle; pages 2 and 10; A0 series = audio
JNZA00199,2025-09-24,headset / audio (A0),BLE,2402.0-2480.0,16,yes,https://apps.fcc.gov/eas/GetApplicationAttachment.html?id=8698536,https://apps.fcc.gov/eas/GetApplicationAttachment.html?id=8698539,https://apps.fcc.gov/oetcf/eas/reports/ViewExhibitReport.cfm?mode=Exhibits&RequestTimeout=500&calledFromFrame=N&application_id=tpR7W7cyKLz1EZaU3VgXOQ%3D%3D&fcc_id=JNZA00199,https://fccid.io/JNZA00199,AIROHA AB1571DN,Airoha,"read 2026-09-23 via fccid.io internal photos (agent capture, files in data/manual/fcc_photos): USB dongle of an audio product (HOTS17-Dongle); page 1; A0 series = audio"
JNZMR0127,2025-09-16,mouse (MR),BLE + proprietary 2.4GHz,2402.0-2480.0;2404.0-2478.0,16,yes,https://apps.fcc.gov/eas/GetApplicationAttachment.html?id=8671888,https://apps.fcc.gov/eas/GetApplicationAttachment.html?id=8671892,https://apps.fcc.gov/oetcf/eas/reports/ViewExhibitReport.cfm?mode=Exhibits&RequestTimeout=500&calledFromFrame=N&application_id=%2FkaleRjDaxR5nSAN1%2BHbdA%3D%3D&fcc_id=JNZMR0127,https://fccid.io/JNZMR0127,N52832 (marking partly obscured) 2510,Nordic,read 2026-09-23 via fccid.io internal photos: nRF52832; page 4; gaming mouse (Logitech Saturn sensor)
JNZA00197,2025-09-03,headset / audio (A0),BLE,2402.0-2480.0,20,yes,https://apps.fcc.gov/eas/GetApplicationAttachment.html?id=8636382,,https://apps.fcc.gov/oetcf/eas/reports/ViewExhibitReport.cfm?mode=Exhibits&RequestTimeout=500&calledFromFrame=N&application_id=QxAcOiZsgNS5htCuWaCGjg%3D%3D&fcc_id=JNZA00197,https://fccid.io/JNZA00197,no radio SoC found in sampled pages,unreadable,"read 2026-09-23 via fccid.io internal photos (agent capture, files in data/manual/fcc_photos): 32-page headset document; pages 13/20/27/29 sampled"
JNZF00015,2025-08-25,F0 series,BLE,2402.0-2480.0,20,yes,https://apps.fcc.gov/eas/GetApplicationAttachment.html?id=8603491,,https://apps.fcc.gov/oetcf/eas/reports/ViewExhibitReport.cfm?mode=Exhibits&RequestTimeout=500&calledFromFrame=N&application_id=n3nDhsPYun6zaci%2FQLLQGg%3D%3D&fcc_id=JNZF00015,https://fccid.io/JNZF00015,,,
JNZAR0206,2025-07-25,audio headset / dongle (AR),BLE,2402.0-2480.0,20,yes,https://apps.fcc.gov/eas/GetApplicationAttachment.html?id=8508004,,https://apps.fcc.gov/oetcf/eas/reports/ViewExhibitReport.cfm?mode=Exhibits&RequestTimeout=500&calledFromFrame=N&application_id=6dKQofe6%2FQ57EZrGpMa1LQ%3D%3D&fcc_id=JNZAR0206,https://fccid.io/JNZAR0206,REALTEK RTL8763BFW,Realtek,read 2026-09-23 via fccid.io internal photos: Bluetooth audio transmitter dongle ('... US TX REV A'); page 2; AR series = audio
JNZAR0205,2025-07-24,audio headset / dongle (AR),BLE,2402.0-2480.0,18,yes,https://apps.fcc.gov/eas/GetApplicationAttachment.html?id=8505948,,https://apps.fcc.gov/oetcf/eas/reports/ViewExhibitReport.cfm?mode=Exhibits&RequestTimeout=500&calledFromFrame=N&application_id=RuPfRRPpeNvGTu%2BvhoPPBg%3D%3D&fcc_id=JNZAR0205,https://fccid.io/JNZAR0205,,,
JNZA00201,2025-07-14,headset / audio (A0),BLE,2402.0-2480.0,18,yes,https://apps.fcc.gov/eas/GetApplicationAttachment.html?id=8468182,https://apps.fcc.gov/eas/GetApplicationAttachment.html?id=8468187,https://apps.fcc.gov/oetcf/eas/reports/ViewExhibitReport.cfm?mode=Exhibits&RequestTimeout=500&calledFromFrame=N&application_id=iSh6CM5O505PJHvJ4WJgKA%3D%3D&fcc_id=JNZA00201,https://fccid.io/JNZA00201,,,
JNZA00202,2025-06-20,headset / audio (A0),BLE + proprietary 2.4GHz,2402.0-2480.0;2403.35-2477.35,17,yes,https://apps.fcc.gov/eas/GetApplicationAttachment.html?id=8397566,,https://apps.fcc.gov/oetcf/eas/reports/ViewExhibitReport.cfm?mode=Exhibits&RequestTimeout=500&calledFromFrame=N&application_id=SPkLVKrjd62VvzjLvVh%2B8A%3D%3D&fcc_id=JNZA00202,https://fccid.io/JNZA00202,,,
JNZMR0118,2025-05-21,mouse (MR),BLE + proprietary 2.4GHz,2402.0-2480.0;2404.0-2478.0,15,yes,https://apps.fcc.gov/eas/GetApplicationAttachment.html?id=8311436,https://apps.fcc.gov/eas/GetApplicationAttachment.html?id=8311439,https://apps.fcc.gov/oetcf/eas/reports/ViewExhibitReport.cfm?mode=Exhibits&RequestTimeout=500&calledFromFrame=N&application_id=SqWqfCVx2p2z8Co41wWviw%3D%3D&fcc_id=JNZMR0118,https://fccid.io/JNZMR0118,N52833 Q1AAB0,Nordic,read 2026-09-23 via fccid.io internal photos: nRF52833; page 5
JNZMR0120,2025-05-21,mouse (MR),proprietary 2.4GHz,2403.0-2479.0,19,yes,https://apps.fcc.gov/eas/GetApplicationAttachment.html?id=8311382,https://apps.fcc.gov/eas/GetApplicationAttachment.html?id=8311387,https://apps.fcc.gov/oetcf/eas/reports/ViewExhibitReport.cfm?mode=Exhibits&RequestTimeout=500&calledFromFrame=N&application_id=NdLs3rByZp56awgk07%2FFOg%3D%3D&fcc_id=JNZMR0120,https://fccid.io/JNZMR0120,N52833 Q1AAB0,Nordic,read 2026-09-23 via fccid.io internal photos: nRF52833 even in a proprietary-2.4GHz-only mouse; page 3
JNZRR0022,2025-05-14,receiver/dongle (RR),BLE,2402.0-2480.0,16,yes,https://apps.fcc.gov/eas/GetApplicationAttachment.html?id=8288100,https://apps.fcc.gov/eas/GetApplicationAttachment.html?id=8288104,https://apps.fcc.gov/oetcf/eas/reports/ViewExhibitReport.cfm?mode=Exhibits&RequestTimeout=500&calledFromFrame=N&application_id=FCu0siC39qMWswifPdO4rw%3D%3D&fcc_id=JNZRR0022,https://fccid.io/JNZRR0022,,,
JNZYR0108,2025-03-31,keyboard/combo? (YR),BLE + proprietary 2.4GHz,2402.0-2480.0;2404.0-2478.0,20,yes,https://apps.fcc.gov/eas/GetApplicationAttachment.html?id=8158243,https://apps.fcc.gov/eas/GetApplicationAttachment.html?id=8158248,https://apps.fcc.gov/oetcf/eas/reports/ViewExhibitReport.cfm?mode=Exhibits&RequestTimeout=500&calledFromFrame=N&application_id=E2K8MJknILs1S9ZobQVZ8A%3D%3D&fcc_id=JNZYR0108,https://fccid.io/JNZYR0108,N52832 QFABG0 2428BP,Nordic,read 2026-09-23 via fccid.io internal photos: nRF52832; page 2; keyboard
JNZYR0109,2025-03-31,keyboard/combo? (YR),BLE + proprietary 2.4GHz,2402.0-2480.0;2404.0-2478.0,20,yes,https://apps.fcc.gov/eas/GetApplicationAttachment.html?id=8158303,https://apps.fcc.gov/eas/GetApplicationAttachment.html?id=8158308,https://apps.fcc.gov/oetcf/eas/reports/ViewExhibitReport.cfm?mode=Exhibits&RequestTimeout=500&calledFromFrame=N&application_id=faCoCkn6eB%2B5838sbKRxWA%3D%3D&fcc_id=JNZYR0109,https://fccid.io/JNZYR0109,"N52832 / QFABG0 (nRF52832 QFN, QFAA package)",Nordic,read from internal photos p3 (high confidence): peripheral: keyboard/receiver; page3/3 shows main PCB with chip clearly marked N52832 QFABG0 near labeled Antenna
JNZA00195,2025-03-18,headset / audio (A0),BLE + proprietary 2.4GHz,2402.0-2480.0;2404.0-2478.0,18,yes,https://apps.fcc.gov/eas/GetApplicationAttachment.html?id=8125049,,https://apps.fcc.gov/oetcf/eas/reports/ViewExhibitReport.cfm?mode=Exhibits&RequestTimeout=500&calledFromFrame=N&application_id=hQL%2B7Yi1e%2BgBiAaimnwptw%3D%3D&fcc_id=JNZA00195,https://fccid.io/JNZA00195,,,
JNZA00196,2025-03-18,headset / audio (A0),BLE,2402.0-2480.0,16,yes,https://apps.fcc.gov/eas/GetApplicationAttachment.html?id=8125171,https://apps.fcc.gov/eas/GetApplicationAttachment.html?id=8125174,https://apps.fcc.gov/oetcf/eas/reports/ViewExhibitReport.cfm?mode=Exhibits&RequestTimeout=500&calledFromFrame=N&application_id=vK6WDM7yqt4ns%2F%2B%2B4qYAJw%3D%3D&fcc_id=JNZA00196,https://fccid.io/JNZA00196,,,
JNZVR0039,2025-03-06,video collab / webcam (VR),BLE + Wi-Fi 2.4 + Wi-Fi 5/6GHz + radar 24/60GHz,2402.0-2480.0;24200.0-24200.0;2412.0-2462.0;5180.0-5240.0;5260.0-5320.0;5500.0-5720.0;5745.0-5825.0,21,yes,https://apps.fcc.gov/eas/GetApplicationAttachment.html?id=8097353 https://apps.fcc.gov/eas/GetApplicationAttachment.html?id=8097354,,https://apps.fcc.gov/oetcf/eas/reports/ViewExhibitReport.cfm?mode=Exhibits&RequestTimeout=500&calledFromFrame=N&application_id=ax0%2FeN7lielmWUOib4PGsg%3D%3D&fcc_id=JNZVR0039,https://fccid.io/JNZVR0039,,,
JNZCU0028,2025-02-16,CU series,BLE + proprietary 2.4GHz,2402.0-2480.0;2404.0-2478.0,20,yes,https://apps.fcc.gov/eas/GetApplicationAttachment.html?id=8050207,,https://apps.fcc.gov/oetcf/eas/reports/ViewExhibitReport.cfm?mode=Exhibits&RequestTimeout=500&calledFromFrame=N&application_id=t2uL2vQ0Lqh4yN25fGI37w%3D%3D&fcc_id=JNZCU0028,https://fccid.io/JNZCU0028,"shielded RF module, no marking visible",unreadable,"read 2026-09-23 via fccid.io internal photos (agent capture, files in data/manual/fcc_photos): page 1; metal can"
JNZYR0107,2025-02-10,keyboard/combo? (YR),BLE + proprietary 2.4GHz,2402.0-2480.0;2404.0-2478.0,21,yes,https://apps.fcc.gov/eas/GetApplicationAttachment.html?id=8036858,,https://apps.fcc.gov/oetcf/eas/reports/ViewExhibitReport.cfm?mode=Exhibits&RequestTimeout=500&calledFromFrame=N&application_id=hliD8KIAk7ynrfboKzo2hw%3D%3D&fcc_id=JNZYR0107,https://fccid.io/JNZYR0107,TLSR8208 HER ZYBH2439,Telink,read 2026-09-23 via fccid.io internal photos: Telink TLSR8208 BLE SoC; page 3; keyboard
JNZYR0104,2024-12-31,keyboard/combo? (YR),BLE + proprietary 2.4GHz,2402.0-2480.0;2404.0-2478.0,20,yes,https://apps.fcc.gov/eas/GetApplicationAttachment.html?id=7942455,https://apps.fcc.gov/eas/GetApplicationAttachment.html?id=7942460,https://apps.fcc.gov/oetcf/eas/reports/ViewExhibitReport.cfm?mode=Exhibits&RequestTimeout=500&calledFromFrame=N&application_id=%2FEEU5oKY3xgQv1xr4C4x%2FQ%3D%3D&fcc_id=JNZYR0104,https://fccid.io/JNZYR0104,Z22NE / date code 6740 (uncertain),other (unidentified marking),"read from internal photos p5 (low confidence): 32-QFN chip U1 on main PCB page5; antenna trace shown on page6; pages 7-8 are battery photos, skipped; marking legible but does not match a known vendor code list, read as best effort"
JNZMR0116,2024-12-01,mouse (MR),proprietary 2.4GHz,2405.0-2474.0,18,yes,https://apps.fcc.gov/eas/GetApplicationAttachment.html?id=7865496,https://apps.fcc.gov/eas/GetApplicationAttachment.html?id=7865500,https://apps.fcc.gov/oetcf/eas/reports/ViewExhibitReport.cfm?mode=Exhibits&RequestTimeout=500&calledFromFrame=N&application_id=0dQ06gPC3Maq76lQRmJ%2FAQ%3D%3D&fcc_id=JNZMR0116,https://fccid.io/JNZMR0116,"unreadable (QFN chip U2 near antenna, surface blank/blurred, no marking visible even at max native resolution 500pct PDF zoom)",unreadable,"read from internal photos p3 (low confidence): redo from PDF: mouse main PCB 210-002250 REV002; U2 QFN visible on page3 close-up but chip top is out-of-focus/blank, no legible text at any zoom level"
JNZMR0117,2024-11-28,mouse (MR),proprietary 2.4GHz,2405.0-2474.0,18,yes,https://apps.fcc.gov/eas/GetApplicationAttachment.html?id=7861219,https://apps.fcc.gov/eas/GetApplicationAttachment.html?id=7861223,https://apps.fcc.gov/oetcf/eas/reports/ViewExhibitReport.cfm?mode=Exhibits&RequestTimeout=500&calledFromFrame=N&application_id=zLvLi2jDKBPrAkogVi5WZA%3D%3D&fcc_id=JNZMR0117,https://fccid.io/JNZMR0117,TLSR8366 (ET24 date/lot code),Telink,"read from internal photos p4 (high confidence): redo from PDF: mouse main PCB, chip U2 clearly marked TLSR8366 at 175pct PDF zoom"
JNZPR0007,2024-11-01,PR series (charging/pen),wireless charging 6.78MHz,6.78-6.78,18,"no (short-term confidentiality, ~180 days)",,,https://apps.fcc.gov/oetcf/eas/reports/ViewExhibitReport.cfm?mode=Exhibits&RequestTimeout=500&calledFromFrame=N&application_id=cR8AXzUQVXUrwQoUsby%2FsA%3D%3D&fcc_id=JNZPR0007,https://fccid.io/JNZPR0007,,,
JNZSR0198,2024-10-14,SR series (speaker/headset?),BLE,2402.0-2480.0,18,yes,https://apps.fcc.gov/eas/GetApplicationAttachment.html?id=7735035,https://apps.fcc.gov/eas/GetApplicationAttachment.html?id=7735039,https://apps.fcc.gov/oetcf/eas/reports/ViewExhibitReport.cfm?mode=Exhibits&RequestTimeout=500&calledFromFrame=N&application_id=mmTmLXMUrYHdiProY%2FnqeQ%3D%3D&fcc_id=JNZSR0198,https://fccid.io/JNZSR0198,,,
JNZPR0006,2024-10-04,PR series (charging/pen),wireless charging 6.78MHz,6.78-6.78,18,"no (short-term confidentiality, ~180 days)",,,https://apps.fcc.gov/oetcf/eas/reports/ViewExhibitReport.cfm?mode=Exhibits&RequestTimeout=500&calledFromFrame=N&application_id=h1AIk3TajwooGhtsKd59kg%3D%3D&fcc_id=JNZPR0006,https://fccid.io/JNZPR0006,,,
JNZYR0105,2024-08-18,keyboard/combo? (YR),BLE + proprietary 2.4GHz,2402.0-2480.0;2405.0-2474.0,18,yes,https://apps.fcc.gov/eas/GetApplicationAttachment.html?id=7575679,https://apps.fcc.gov/eas/GetApplicationAttachment.html?id=7575683,https://apps.fcc.gov/oetcf/eas/reports/ViewExhibitReport.cfm?mode=Exhibits&RequestTimeout=500&calledFromFrame=N&application_id=nuRl9lpBRfcf3KybXUGVdA%3D%3D&fcc_id=JNZYR0105,https://fccid.io/JNZYR0105,N51802 / QFAAA1 (Nordic nRF51802 QFN),Nordic,"read from internal photos p2 (high confidence): peripheral: keyboard; page2/5 shows receiver/main PCB, chip near ANT1 antenna label clearly marked N51802 QFAAA1"
JNZYR0102,2024-07-11,keyboard/combo? (YR),BLE + proprietary 2.4GHz,2402.0-2480.0;2404.0-2478.0,18,yes,https://apps.fcc.gov/eas/GetApplicationAttachment.html?id=7466779,https://apps.fcc.gov/eas/GetApplicationAttachment.html?id=7466785,https://apps.fcc.gov/oetcf/eas/reports/ViewExhibitReport.cfm?mode=Exhibits&RequestTimeout=500&calledFromFrame=N&application_id=diyhQRaTLgUdNwd26QUqwA%3D%3D&fcc_id=JNZYR0102,https://fccid.io/JNZYR0102,N52833 / Q1AAB0 / 2323AR,Nordic,"read from internal photos p2 (high confidence): peripheral: nRF52833 QFN (QIAA package), marking clearly legible near board center"
JNZMR0109,2024-07-03,mouse (MR),BLE + proprietary 2.4GHz,2402.0-2480.0;2403.0-2479.0;2404.0-2478.0,19,yes,https://apps.fcc.gov/eas/GetApplicationAttachment.html?id=7446944,https://apps.fcc.gov/eas/GetApplicationAttachment.html?id=7446948,https://apps.fcc.gov/oetcf/eas/reports/ViewExhibitReport.cfm?mode=Exhibits&RequestTimeout=500&calledFromFrame=N&application_id=bK3CCpMznBbVtQzflfC0nQ%3D%3D&fcc_id=JNZMR0109,https://fccid.io/JNZMR0109,"partially legible QFN chip U8 (28-pin), faint text approx 2 lines, top line ~4 chars possibly starting N/5, bottom line ~5 chars; too blurred to confirm at max native PDF resolution (500pct cap)",unreadable,"read from internal photos p4 (low confidence): redo from PDF: mouse main PCB, HERO optical sensor also present (not radio) on page3; U8 near crystal XT1 32.768kHz and antenna trace is the radio SoC candidate but marking not confidently legible"
JNZA00194,2024-07-02,headset / audio (A0),BLE + proprietary 2.4GHz,2402.0-2480.0;2401.395776-2477.395776;2404.0-2478.0,16,yes,https://apps.fcc.gov/eas/GetApplicationAttachment.html?id=7443406,https://apps.fcc.gov/eas/GetApplicationAttachment.html?id=7443410,https://apps.fcc.gov/oetcf/eas/reports/ViewExhibitReport.cfm?mode=Exhibits&RequestTimeout=500&calledFromFrame=N&application_id=no9Rb2kNPNStfjUR%2FO%2BaDw%3D%3D&fcc_id=JNZA00194,https://fccid.io/JNZA00194,,,
JNZF00014,2024-06-28,F0 series,BLE,2402.0-2478.0,17,yes,https://apps.fcc.gov/eas/GetApplicationAttachment.html?id=7435495,,https://apps.fcc.gov/oetcf/eas/reports/ViewExhibitReport.cfm?mode=Exhibits&RequestTimeout=500&calledFromFrame=N&application_id=ULMBq0eSE7dTOV9hj2U2bA%3D%3D&fcc_id=JNZF00014,https://fccid.io/JNZF00014,,,
JNZSR0197,2024-06-11,SR series (speaker/headset?),BLE,2402.0-2480.0,18,yes,https://apps.fcc.gov/eas/GetApplicationAttachment.html?id=7389428,,https://apps.fcc.gov/oetcf/eas/reports/ViewExhibitReport.cfm?mode=Exhibits&RequestTimeout=500&calledFromFrame=N&application_id=AYwbpUJA4SZAROFZXAGpIw%3D%3D&fcc_id=JNZSR0197,https://fccid.io/JNZSR0197,,,
JNZVR0038,2024-05-30,video collab / webcam (VR),BLE + Wi-Fi 2.4 + Wi-Fi 5/6GHz,5180.0-5240.0;5260.0-5320.0;5500.0-5720.0;5745.0-5825.0;2402.0-2480.0;2412.0-2462.0,20,yes,https://apps.fcc.gov/eas/GetApplicationAttachment.html?id=7359792,https://apps.fcc.gov/eas/GetApplicationAttachment.html?id=7359822,https://apps.fcc.gov/oetcf/eas/reports/ViewExhibitReport.cfm?mode=Exhibits&RequestTimeout=500&calledFromFrame=N&application_id=uufAcKRnGPJ3UUmeCCHlBw%3D%3D&fcc_id=JNZVR0038,https://fccid.io/JNZVR0038,,,
JNZMR0114,2024-05-29,mouse (MR),BLE,2402.0-2480.0,17,yes,https://apps.fcc.gov/eas/GetApplicationAttachment.html?id=7354625,https://apps.fcc.gov/eas/GetApplicationAttachment.html?id=7354629,https://apps.fcc.gov/oetcf/eas/reports/ViewExhibitReport.cfm?mode=Exhibits&RequestTimeout=500&calledFromFrame=N&application_id=5qTFdYKvJU7mtYE2UydTYw%3D%3D&fcc_id=JNZMR0114,https://fccid.io/JNZMR0114,TLSR8208 BER ZTAZ2321,Telink,read 2026-09-23 via fccid.io internal photos: Telink TLSR8208; page 4; 'SM38700C0 BLE Mouse' board
JNZMR0115,2024-05-16,mouse (MR),proprietary 2.4GHz,2403.0-2479.0,17,yes,https://apps.fcc.gov/eas/GetApplicationAttachment.html?id=7321074,,https://apps.fcc.gov/oetcf/eas/reports/ViewExhibitReport.cfm?mode=Exhibits&RequestTimeout=500&calledFromFrame=N&application_id=Ak4pzTi2rkLvT82cnZdnMg%3D%3D&fcc_id=JNZMR0115,https://fccid.io/JNZMR0115,"N52833 / QIAA80 (nRF52833 QFN, QIAA package)",Nordic,"read from internal photos p5 (high confidence): redo from PDF: mouse main PCB, chip clearly marked next to labeled Antenna cutout, page5/17 at 100pct PDF zoom sufficient"
JNZYR0101,2024-05-03,keyboard/combo? (YR),BLE + proprietary 2.4GHz,2402.0-2480.0;2404.0-2478.0,19,yes,https://apps.fcc.gov/eas/GetApplicationAttachment.html?id=7289087,https://apps.fcc.gov/eas/GetApplicationAttachment.html?id=7289092,https://apps.fcc.gov/oetcf/eas/reports/ViewExhibitReport.cfm?mode=Exhibits&RequestTimeout=500&calledFromFrame=N&application_id=rl6IAIFE7jHqp8hXmTU6bw%3D%3D&fcc_id=JNZYR0101,https://fccid.io/JNZYR0101,N52[8]/ QFA[B/A]G0 / 2[3]_3BE (partially obscured by die-mark dot),Nordic,read from internal photos p4 (medium confidence): peripheral: QFN chip on main PCB page4; marking consistent with nRF52832 QFAA pattern but part of text covered by circular ink/laser dot mark; max viewer zoom 500% did not add clarity beyond image resolution ceiling
JNZSR0196,2024-04-22,SR series (speaker/headset?),BLE,2402.0-2480.0,21,yes,https://apps.fcc.gov/eas/GetApplicationAttachment.html?id=7262394,,https://apps.fcc.gov/oetcf/eas/reports/ViewExhibitReport.cfm?mode=Exhibits&RequestTimeout=500&calledFromFrame=N&application_id=yJqVCA7lY8UYlxQZm7G0YQ%3D%3D&fcc_id=JNZSR0196,https://fccid.io/JNZSR0196,,,
JNZSR0193,2024-04-16,SR series (speaker/headset?),BLE + proprietary 2.4GHz,2402.0-2480.0;2404.0-2478.0,18,yes,https://apps.fcc.gov/eas/GetApplicationAttachment.html?id=7249323,https://apps.fcc.gov/eas/GetApplicationAttachment.html?id=7249328,https://apps.fcc.gov/oetcf/eas/reports/ViewExhibitReport.cfm?mode=Exhibits&RequestTimeout=500&calledFromFrame=N&application_id=4PM0PtPejQT7sq6a%2FFALFw%3D%3D&fcc_id=JNZSR0193,https://fccid.io/JNZSR0193,,,
JNZMR0110,2024-04-15,mouse (MR),proprietary 2.4GHz,2403.0-2479.0,17,yes,https://apps.fcc.gov/eas/GetApplicationAttachment.html?id=7247866,https://apps.fcc.gov/eas/GetApplicationAttachment.html?id=7247870,https://apps.fcc.gov/oetcf/eas/reports/ViewExhibitReport.cfm?mode=Exhibits&RequestTimeout=500&calledFromFrame=N&application_id=ToDTL8qUhKZ6UTkf8xQWoA%3D%3D&fcc_id=JNZMR0110,https://fccid.io/JNZMR0110,"N52833 / Q1AAB0 (nRF52833 QFN, QIAA package)",Nordic,"read from internal photos p4 (high confidence): redo from PDF: mouse main PCB, chip clearly marked next to labeled Antenna cutout, page4/14 at 100pct PDF zoom sufficient"
JNZYR0090,2024-03-20,keyboard/combo? (YR),BLE + proprietary 2.4GHz,2402.0-2480.0;2403.0-2479.0;2404.0-2478.0,19,yes,https://apps.fcc.gov/eas/GetApplicationAttachment.html?id=7185524,https://apps.fcc.gov/eas/GetApplicationAttachment.html?id=7185529,https://apps.fcc.gov/oetcf/eas/reports/ViewExhibitReport.cfm?mode=Exhibits&RequestTimeout=500&calledFromFrame=N&application_id=liD7vXKMvLmVX1AUkWjmUQ%3D%3D&fcc_id=JNZYR0090,https://fccid.io/JNZYR0090,N52833 / Q1AAB0 / 2248AF,Nordic,"read from internal photos p5 (high confidence): peripheral: keyboard main PCB, chip clearly legible near ANT1 antenna connector, nRF52833 QIAA package"
JNZYR0100,2024-03-15,keyboard/combo? (YR),BLE + proprietary 2.4GHz,2402.0-2480.0;2404.0-2478.0,18,yes,https://apps.fcc.gov/eas/GetApplicationAttachment.html?id=7175887,https://apps.fcc.gov/eas/GetApplicationAttachment.html?id=7175892,https://apps.fcc.gov/oetcf/eas/reports/ViewExhibitReport.cfm?mode=Exhibits&RequestTimeout=500&calledFromFrame=N&application_id=Y7bVZ2hj5Fjqz4HYOkOWQQ%3D%3D&fcc_id=JNZYR0100,https://fccid.io/JNZYR0100,N52832 / QFABGQ / 2336AX,Nordic,read from internal photos p3 (high confidence): peripheral: page3 shows PCB near labeled Antenna box; nRF52832 QFN clearly marked
JNZMR0113,2024-02-22,mouse (MR),BLE + proprietary 2.4GHz,2402.0-2480.0;2404.0-2478.0,16,yes,https://apps.fcc.gov/eas/GetApplicationAttachment.html?id=7130528,https://apps.fcc.gov/eas/GetApplicationAttachment.html?id=7130532,https://apps.fcc.gov/oetcf/eas/reports/ViewExhibitReport.cfm?mode=Exhibits&RequestTimeout=500&calledFromFrame=N&application_id=TPinUNUhv2ONHQ7b3nXCUg%3D%3D&fcc_id=JNZMR0113,https://fccid.io/JNZMR0113,N52810 QFAA 2422 (read by agent; zoom low-res),Nordic,"read 2026-09-23 via fccid.io internal photos (agent capture, files in data/manual/fcc_photos): nRF52810 (QFAA = Nordic package code); page 2; trackball mouse; confidence medium"
JNZYR0097,2024-02-20,keyboard/combo? (YR),BLE + proprietary 2.4GHz,2402.0-2480.0;2404.0-2478.0,19,yes,https://apps.fcc.gov/eas/GetApplicationAttachment.html?id=7125490,https://apps.fcc.gov/eas/GetApplicationAttachment.html?id=7125495,https://apps.fcc.gov/oetcf/eas/reports/ViewExhibitReport.cfm?mode=Exhibits&RequestTimeout=500&calledFromFrame=N&application_id=67vsJD5MesaY3Rb2iFGrAA%3D%3D&fcc_id=JNZYR0097,https://fccid.io/JNZYR0097,N52820 / QDAA0 / 2323BU,Nordic,"read from internal photos p4 (high confidence): peripheral: dialpad remote main PCB, chip clearly legible, nRF52820 QDAA package"
JNZVR0032,2024-01-10,video collab / webcam (VR),BLE + Wi-Fi 2.4 + Wi-Fi 5/6GHz,5955.0-7095.0;2402.0-2480.0;2412.0-2462.0;5180.0-5240.0;5260.0-5320.0;5500.0-5720.0;5745.0-5825.0,24,yes,https://apps.fcc.gov/eas/GetApplicationAttachment.html?id=6995883 https://apps.fcc.gov/eas/GetApplicationAttachment.html?id=6995884,https://apps.fcc.gov/eas/GetApplicationAttachment.html?id=6995888,https://apps.fcc.gov/oetcf/eas/reports/ViewExhibitReport.cfm?mode=Exhibits&RequestTimeout=500&calledFromFrame=N&application_id=5COig3w5i6jbVzKlQwbgTA%3D%3D&fcc_id=JNZVR0032,https://fccid.io/JNZVR0032,,,
JNZMR0111,2024-01-04,mouse (MR),proprietary 2.4GHz,2405.0-2474.0,21,yes,https://apps.fcc.gov/eas/GetApplicationAttachment.html?id=7029055,https://apps.fcc.gov/eas/GetApplicationAttachment.html?id=7029059,https://apps.fcc.gov/oetcf/eas/reports/ViewExhibitReport.cfm?mode=Exhibits&RequestTimeout=500&calledFromFrame=N&application_id=6iCb1GldLLqFz4qOorf6EA%3D%3D&fcc_id=JNZMR0111,https://fccid.io/JNZMR0111,NRF A0 / 31502G / 2228JQ (Nordic nRF-series marking),Nordic,"read from internal photos p4 (high confidence): redo from PDF: mouse; original gallery-only read found IC hidden on page3/4 solder side; page4/4 shows opposite board face with QFN clearly marked NRF, confirming Nordic vendor"
JNZMR0112,2024-01-01,mouse (MR),proprietary 2.4GHz,2405.0-2474.0,21,yes,https://apps.fcc.gov/eas/GetApplicationAttachment.html?id=7022364,https://apps.fcc.gov/eas/GetApplicationAttachment.html?id=7022368,https://apps.fcc.gov/oetcf/eas/reports/ViewExhibitReport.cfm?mode=Exhibits&RequestTimeout=500&calledFromFrame=N&application_id=zZd5dbxdlLKhO9jhWz06iA%3D%3D&fcc_id=JNZMR0112,https://fccid.io/JNZMR0112,"TLSR8368 (partially obscured by solder/epoxy blob; TL_368 legible, Telink family marking)",Telink,read from internal photos p8 (medium confidence): mouse; QFN chip U2 on main PCB page8/8 close-up shot; marking partly covered by adhesive dot but TLSR8-series Telink pattern clearly matches; crystal XT1 16.000MHz nearby
JNZYR0098,2023-12-28,keyboard/combo? (YR),BLE + proprietary 2.4GHz,2402.0-2480.0;2403.0-2479.0;2404.0-2478.0,22,yes,https://apps.fcc.gov/eas/GetApplicationAttachment.html?id=7017585,https://apps.fcc.gov/eas/GetApplicationAttachment.html?id=7017589,https://apps.fcc.gov/oetcf/eas/reports/ViewExhibitReport.cfm?mode=Exhibits&RequestTimeout=500&calledFromFrame=N&application_id=7HGaXh97UqkCHMEvQfRCEg%3D%3D&fcc_id=JNZYR0098,https://fccid.io/JNZYR0098,,,
JNZA00191,2023-12-27,headset / audio (A0),BLE + proprietary 2.4GHz,2402.0-2480.0;2404.0-2478.0,23,yes,https://apps.fcc.gov/eas/GetApplicationAttachment.html?id=7014046,https://apps.fcc.gov/eas/GetApplicationAttachment.html?id=7014051,https://apps.fcc.gov/oetcf/eas/reports/ViewExhibitReport.cfm?mode=Exhibits&RequestTimeout=500&calledFromFrame=N&application_id=eqbEDKeXqT36Xj%2BSZs2j8w%3D%3D&fcc_id=JNZA00191,https://fccid.io/JNZA00191,,,
JNZCU0026,2023-11-21,CU series,proprietary 2.4GHz,2405.0-2474.0,22,yes,https://apps.fcc.gov/eas/GetApplicationAttachment.html?id=6934601,https://apps.fcc.gov/eas/GetApplicationAttachment.html?id=6934606,https://apps.fcc.gov/oetcf/eas/reports/ViewExhibitReport.cfm?mode=Exhibits&RequestTimeout=500&calledFromFrame=N&application_id=WyMkc%2FAH00MDhHpxqQoLZg%3D%3D&fcc_id=JNZCU0026,https://fccid.io/JNZCU0026,,,
JNZCU0027,2023-10-23,CU series,BLE,2402.0-2481.0,22,yes,https://apps.fcc.gov/eas/GetApplicationAttachment.html?id=6872969,https://apps.fcc.gov/eas/GetApplicationAttachment.html?id=6872974,https://apps.fcc.gov/oetcf/eas/reports/ViewExhibitReport.cfm?mode=Exhibits&RequestTimeout=500&calledFromFrame=N&application_id=OBfBSNfXF1HkpWF3SNYecg%3D%3D&fcc_id=JNZCU0027,https://fccid.io/JNZCU0027,,,
JNZSR0195,2023-09-19,SR series (speaker/headset?),BLE + proprietary 2.4GHz,2402.0-2480.0;2404.0-2478.0,21,yes,https://apps.fcc.gov/eas/GetApplicationAttachment.html?id=6814623,https://apps.fcc.gov/eas/GetApplicationAttachment.html?id=6814628,https://apps.fcc.gov/oetcf/eas/reports/ViewExhibitReport.cfm?mode=Exhibits&RequestTimeout=500&calledFromFrame=N&application_id=iqeUeXVb3CwQaBVLoTXYmg%3D%3D&fcc_id=JNZSR0195,https://fccid.io/JNZSR0195,,,
JNZA00187,2023-09-18,headset / audio (A0),BLE + proprietary 2.4GHz,2402.0-2480.0;2401.395776-2477.395776;2404.0-2478.0,22,yes,https://apps.fcc.gov/eas/GetApplicationAttachment.html?id=6811678,https://apps.fcc.gov/eas/GetApplicationAttachment.html?id=6811683,https://apps.fcc.gov/oetcf/eas/reports/ViewExhibitReport.cfm?mode=Exhibits&RequestTimeout=500&calledFromFrame=N&application_id=q5KNWe2lpwWtfCS9aGJuiQ%3D%3D&fcc_id=JNZA00187,https://fccid.io/JNZA00187,,,
JNZA00186,2023-09-18,headset / audio (A0),BLE,2401.395776-2477.395776,23,yes,https://apps.fcc.gov/eas/GetApplicationAttachment.html?id=6810373,https://apps.fcc.gov/eas/GetApplicationAttachment.html?id=6810378,https://apps.fcc.gov/oetcf/eas/reports/ViewExhibitReport.cfm?mode=Exhibits&RequestTimeout=500&calledFromFrame=N&application_id=TaKdEIwecPlpCW%2FgOhyHTw%3D%3D&fcc_id=JNZA00186,https://fccid.io/JNZA00186,,,
JNZYR0099,2023-08-28,keyboard/combo? (YR),BLE + proprietary 2.4GHz,2402.0-2480.0;2404.0-2478.0,21,yes,https://apps.fcc.gov/eas/GetApplicationAttachment.html?id=6762609,https://apps.fcc.gov/eas/GetApplicationAttachment.html?id=6762614,https://apps.fcc.gov/oetcf/eas/reports/ViewExhibitReport.cfm?mode=Exhibits&RequestTimeout=500&calledFromFrame=N&application_id=zogQvlqSf%2FfizqDx0xrr8w%3D%3D&fcc_id=JNZYR0099,https://fccid.io/JNZYR0099,,,
JNZSR0190,2023-07-31,SR series (speaker/headset?),BLE,2402.0-2480.0,18,yes,https://apps.fcc.gov/eas/GetApplicationAttachment.html?id=6700319,https://apps.fcc.gov/eas/GetApplicationAttachment.html?id=6700323,https://apps.fcc.gov/oetcf/eas/reports/ViewExhibitReport.cfm?mode=Exhibits&RequestTimeout=500&calledFromFrame=N&application_id=jt1pPAzyP1IU%2FOLb4laWYg%3D%3D&fcc_id=JNZSR0190,https://fccid.io/JNZSR0190,,,
JNZVR0035,2023-07-27,video collab / webcam (VR),Wi-Fi 2.4 + Wi-Fi 5/6GHz,2412.0-2462.0;5180.0-5240.0;5260.0-5320.0;5500.0-5720.0;5745.0-5825.0,20,yes,https://apps.fcc.gov/eas/GetApplicationAttachment.html?id=6693564,https://apps.fcc.gov/eas/GetApplicationAttachment.html?id=6693567,https://apps.fcc.gov/oetcf/eas/reports/ViewExhibitReport.cfm?mode=Exhibits&RequestTimeout=500&calledFromFrame=N&application_id=WJNGdQUldvmI86tXBNL5Lg%3D%3D&fcc_id=JNZVR0035,https://fccid.io/JNZVR0035,,,
JNZMR0108,2023-07-03,mouse (MR),proprietary 2.4GHz,2405.0-2474.0,20,yes,https://apps.fcc.gov/eas/GetApplicationAttachment.html?id=6636675,https://apps.fcc.gov/eas/GetApplicationAttachment.html?id=6636694,https://apps.fcc.gov/oetcf/eas/reports/ViewExhibitReport.cfm?mode=Exhibits&RequestTimeout=500&calledFromFrame=N&application_id=4Z3HdjfIkcrKM37AYKqNSw%3D%3D&fcc_id=JNZMR0108,https://fccid.io/JNZMR0108,"nRF 51QFAB (Nordic nRF51-series BLE SoC, QSOP package)",Nordic,read from internal photos p4 (high confidence): mouse; TSSOP/QSOP chip on main PCB page4/5 clearly marked nRF over 51QFAC/QFAB; board silkscreen 02232-8510A
JNZYR0087,2023-06-16,keyboard/combo? (YR),BLE + proprietary 2.4GHz,2402.0-2480.0;2404.0-2478.0,20,yes,https://apps.fcc.gov/eas/GetApplicationAttachment.html?id=6602753,https://apps.fcc.gov/eas/GetApplicationAttachment.html?id=6602762,https://apps.fcc.gov/oetcf/eas/reports/ViewExhibitReport.cfm?mode=Exhibits&RequestTimeout=500&calledFromFrame=N&application_id=BfBUZKVtIO6EsM6XooT4mw%3D%3D&fcc_id=JNZYR0087,https://fccid.io/JNZYR0087,,,
JNZPR0005,2023-06-13,PR series (charging/pen),BLE + proprietary 2.4GHz,2402.0-2480.0;2404.0-2478.0,21,yes,https://apps.fcc.gov/eas/GetApplicationAttachment.html?id=6595888,https://apps.fcc.gov/eas/GetApplicationAttachment.html?id=6595895,https://apps.fcc.gov/oetcf/eas/reports/ViewExhibitReport.cfm?mode=Exhibits&RequestTimeout=500&calledFromFrame=N&application_id=OPy1RmHAgIpDS7jN00c7sg%3D%3D&fcc_id=JNZPR0005,https://fccid.io/JNZPR0005,,,
JNZVR0036,2023-05-29,video collab / webcam (VR),BLE + proprietary 2.4GHz,2402.0-2480.0;2404.0-2478.0,17,yes,https://apps.fcc.gov/eas/GetApplicationAttachment.html?id=6558151,https://apps.fcc.gov/eas/GetApplicationAttachment.html?id=6558156,https://apps.fcc.gov/oetcf/eas/reports/ViewExhibitReport.cfm?mode=Exhibits&RequestTimeout=500&calledFromFrame=N&application_id=8IOyUcwTYYT5%2B7%2FT11kTog%3D%3D&fcc_id=JNZVR0036,https://fccid.io/JNZVR0036,,,
JNZSR0194,2023-05-19,SR series (speaker/headset?),BLE + proprietary 2.4GHz,2402.0-2480.0;2404.0-2478.0,21,yes,https://apps.fcc.gov/eas/GetApplicationAttachment.html?id=6540061,https://apps.fcc.gov/eas/GetApplicationAttachment.html?id=6540066,https://apps.fcc.gov/oetcf/eas/reports/ViewExhibitReport.cfm?mode=Exhibits&RequestTimeout=500&calledFromFrame=N&application_id=gjjjea4rggRBOUNSfo7u5w%3D%3D&fcc_id=JNZSR0194,https://fccid.io/JNZSR0194,,,
JNZYR0096,2023-05-11,keyboard/combo? (YR),BLE + proprietary 2.4GHz,2402.0-2480.0;2404.0-2478.0,21,yes,https://apps.fcc.gov/eas/GetApplicationAttachment.html?id=6522571,https://apps.fcc.gov/eas/GetApplicationAttachment.html?id=6522576,https://apps.fcc.gov/oetcf/eas/reports/ViewExhibitReport.cfm?mode=Exhibits&RequestTimeout=500&calledFromFrame=N&application_id=LgUKE8%2FqRMYRO3mSFginHA%3D%3D&fcc_id=JNZYR0096,https://fccid.io/JNZYR0096,,,
JNZMR0107,2023-05-05,mouse (MR),proprietary 2.4GHz,2405.0-2474.0,18,yes,https://apps.fcc.gov/eas/GetApplicationAttachment.html?id=6512468,https://apps.fcc.gov/eas/GetApplicationAttachment.html?id=6512472,https://apps.fcc.gov/oetcf/eas/reports/ViewExhibitReport.cfm?mode=Exhibits&RequestTimeout=500&calledFromFrame=N&application_id=IfypZck6W74VF92790N2Cw%3D%3D&fcc_id=JNZMR0107,https://fccid.io/JNZMR0107,TLSR8368 (ET24 date/lot code),Telink,"read from internal photos p6 (high confidence): redo from PDF: mouse; page5/6 view had epoxy dot obscuring chip, page6/6 shows same chip unobscured, clearly marked TLSR8368"
JNZA00163,2023-05-02,headset / audio (A0),BLE + proprietary 2.4GHz,2402.0-2480.0;2404.0-2478.0,19,yes,https://apps.fcc.gov/eas/GetApplicationAttachment.html?id=6507396,https://apps.fcc.gov/eas/GetApplicationAttachment.html?id=6507403,https://apps.fcc.gov/oetcf/eas/reports/ViewExhibitReport.cfm?mode=Exhibits&RequestTimeout=500&calledFromFrame=N&application_id=RnAx3HGzjohDxTs5%2BqkPRw%3D%3D&fcc_id=JNZA00163,https://fccid.io/JNZA00163,,,
JNZVR0034,2023-04-28,video collab / webcam (VR),BLE + Wi-Fi 2.4 + Wi-Fi 5/6GHz,5180.0-5240.0;5260.0-5320.0;5500.0-5720.0;5745.0-5825.0;2402.0-2480.0;2412.0-2462.0,22,yes,https://apps.fcc.gov/eas/GetApplicationAttachment.html?id=6505982,https://apps.fcc.gov/eas/GetApplicationAttachment.html?id=6505987,https://apps.fcc.gov/oetcf/eas/reports/ViewExhibitReport.cfm?mode=Exhibits&RequestTimeout=500&calledFromFrame=N&application_id=M%2BSF43DWrmjOSeYrhd2ekg%3D%3D&fcc_id=JNZVR0034,https://fccid.io/JNZVR0034,,,
JNZCU0022,2023-04-28,CU series,BLE + proprietary 2.4GHz,2402.0-2480.0;2404.0-2478.0,19,yes,https://apps.fcc.gov/eas/GetApplicationAttachment.html?id=6506061,https://apps.fcc.gov/eas/GetApplicationAttachment.html?id=6506064,https://apps.fcc.gov/oetcf/eas/reports/ViewExhibitReport.cfm?mode=Exhibits&RequestTimeout=500&calledFromFrame=N&application_id=1MkcdhGoVArmfdmISou4IQ%3D%3D&fcc_id=JNZCU0022,https://fccid.io/JNZCU0022,,,
JNZA00174,2023-04-13,headset / audio (A0),BLE,2402.0-2480.0,22,yes,https://apps.fcc.gov/eas/GetApplicationAttachment.html?id=6471889,https://apps.fcc.gov/eas/GetApplicationAttachment.html?id=6471894,https://apps.fcc.gov/oetcf/eas/reports/ViewExhibitReport.cfm?mode=Exhibits&RequestTimeout=500&calledFromFrame=N&application_id=BuYAxFOWlvhtIdoas60n0w%3D%3D&fcc_id=JNZA00174,https://fccid.io/JNZA00174,,,
JNZCU0025,2023-03-13,CU series,proprietary 2.4GHz,2403.0-2479.0,22,yes,https://apps.fcc.gov/eas/GetApplicationAttachment.html?id=6412730,https://apps.fcc.gov/eas/GetApplicationAttachment.html?id=6412735,https://apps.fcc.gov/oetcf/eas/reports/ViewExhibitReport.cfm?mode=Exhibits&RequestTimeout=500&calledFromFrame=N&application_id=yqqe%2BYX0z033tP6mxBPKbQ%3D%3D&fcc_id=JNZCU0025,https://fccid.io/JNZCU0025,,,
JNZMR0097,2023-03-13,mouse (MR),proprietary 2.4GHz,2403.0-2479.0,20,yes,https://apps.fcc.gov/eas/GetApplicationAttachment.html?id=6409834,https://apps.fcc.gov/eas/GetApplicationAttachment.html?id=6409838,https://apps.fcc.gov/oetcf/eas/reports/ViewExhibitReport.cfm?mode=Exhibits&RequestTimeout=500&calledFromFrame=N&application_id=yBv%2BMA07y1LPqh9IovNwAg%3D%3D&fcc_id=JNZMR0097,https://fccid.io/JNZMR0097,"N52833 / Q1AAB0 (nRF52833 QFN, QIAA package)",Nordic,read from internal photos p2 (high confidence): redo from PDF: mouse; different/newer Internal-Photos exhibit than the 13-page one previously reviewed (shielded can); this 7-page exhibit page2/7 shows main PCB with chip clearly marked next to labeled Antenna
JNZYR0092,2023-02-08,keyboard/combo? (YR),BLE + proprietary 2.4GHz,2402.0-2480.0;2404.0-2478.0,16,yes,https://apps.fcc.gov/eas/GetApplicationAttachment.html?id=6357288,https://apps.fcc.gov/eas/GetApplicationAttachment.html?id=6357293,https://apps.fcc.gov/oetcf/eas/reports/ViewExhibitReport.cfm?mode=Exhibits&RequestTimeout=500&calledFromFrame=N&application_id=37aM7lCMGMpBiN2Uumfn%2FA%3D%3D&fcc_id=JNZYR0092,https://fccid.io/JNZYR0092,2711AA (small SSOP chip near antenna trace; not a recognizable vendor code),other (unidentified marking),"read from internal photos p2 (low confidence): keyboard receiver-style board with edge-connector fingers; chip marking read as 2711AA, does not match known RF SoC code list; page3 not further inspected"
JNZYR0091,2023-02-08,keyboard/combo? (YR),BLE + proprietary 2.4GHz,2402.0-2480.0;2404.0-2478.0,16,yes,https://apps.fcc.gov/eas/GetApplicationAttachment.html?id=6357197,https://apps.fcc.gov/eas/GetApplicationAttachment.html?id=6357203,https://apps.fcc.gov/oetcf/eas/reports/ViewExhibitReport.cfm?mode=Exhibits&RequestTimeout=500&calledFromFrame=N&application_id=t%2B6S8NuSqa2mVElxVCZW1g%3D%3D&fcc_id=JNZYR0091,https://fccid.io/JNZYR0091,,,
JNZA00181,2023-02-03,headset / audio (A0),BLE,2402.0-2480.0,15,yes,https://apps.fcc.gov/eas/GetApplicationAttachment.html?id=6352510,https://apps.fcc.gov/eas/GetApplicationAttachment.html?id=6352515,https://apps.fcc.gov/oetcf/eas/reports/ViewExhibitReport.cfm?mode=Exhibits&RequestTimeout=500&calledFromFrame=N&application_id=qJygzLsleCs1SHhC7Z1ooA%3D%3D&fcc_id=JNZA00181,https://fccid.io/JNZA00181,,,
JNZA00182,2023-02-03,headset / audio (A0),BLE,2402.0-2480.0,14,yes,https://apps.fcc.gov/eas/GetApplicationAttachment.html?id=6352570,https://apps.fcc.gov/eas/GetApplicationAttachment.html?id=6352575,https://apps.fcc.gov/oetcf/eas/reports/ViewExhibitReport.cfm?mode=Exhibits&RequestTimeout=500&calledFromFrame=N&application_id=FkKIjAzRJFD%2B7nCsBEfU%2Bg%3D%3D&fcc_id=JNZA00182,https://fccid.io/JNZA00182,,,
JNZMR0103,2023-01-02,mouse (MR),BLE + proprietary 2.4GHz,2402.0-2480.0;2404.0-2478.0,13,yes,https://apps.fcc.gov/eas/GetApplicationAttachment.html?id=6305184,https://apps.fcc.gov/eas/GetApplicationAttachment.html?id=6305188,https://apps.fcc.gov/oetcf/eas/reports/ViewExhibitReport.cfm?mode=Exhibits&RequestTimeout=500&calledFromFrame=N&application_id=zqkVgoVuKOL9WYHhmFCl9g%3D%3D&fcc_id=JNZMR0103,https://fccid.io/JNZMR0103,illegible at PDF resolution,unreadable,"read 2026-09-23 via fccid.io internal photos (agent capture, files in data/manual/fcc_photos): page 4"
