id,topic,decision,alternatives_considered,reason,evidence,effect
G1,chain or network,Model the supply chain as a graph: Logitech sells to Amazon directly and through Ingram / TD Synnex; Nordic ships to Logitech's own plant and to ODMs directly and via its distributors; Amazon is also a Nordic customer,A single four-tier chain (step 4),The 10-K customer shares (Amazon 18% / Ingram 14% / TD Synnex 12%) show most of Logitech's flow skips the IT distributors; a chain averages routes with different lags,config/supply_graph.csv,mean lag 18 weeks vs 22 in the chain
G2,time-varying weights,"Logitech's customer shares are one row per 10-K, usable from its filing date; graph_asof(date) only sees filed 10-Ks",One static set of shares; a temporal graph model learned from data,A back-test must not use a 10-K filed after its forecast origin; ~4 independent observations cannot support a learned temporal graph,config/supply_graph_weights.csv,kernel moves by <1 point between 2022 and 2026 (Amazon 17-19%)
G3,where the numbers come from,Shares from filings where disclosed (Logitech customers and in-house 35%; Nordic distribution share); named assumptions elsewhere (distributor sales to Amazon; GN's routes); lags per edge from the tier reasoning in config/model.yaml,Fit shares or lags to the data,Only the lag structure is being tested; fitting it on 16 quarters would make the test circular,config/model.yaml supply_graph,13 of 24 flow edges rest on filings
G4,propagation,"R(t) = sum over paths of weight x D(t - lag/13), fractional lags split between neighbouring quarters; one slope estimated (model GR)",Estimate a coefficient per path or per lag,The graph supplies the structure; the data supply one number,steps/step5_supply_graph/src/supply_graph.py,
G5,what the back-test shows,"Keep the graph for structure, attribution by route and scenarios; do not claim forecasting gain",Report the graph as an improved forecaster,GR equals the lag-2 model at h=2 (every route collapses onto the latest known quarter) and adds nothing at h=1; all kernels correlate 0.70-0.72 with Nordic consumer revenue,step5 graph_lag_fit.csv; step 6 walkforward_metrics_h2.csv,
G6,Amazon devices,Draw Nordic -> Amazon devices as a second path from the same consumer shock but leave it out of the propagation,Include it with an assumed demand series,No public demand series for Amazon's devices; including it would add an unmeasured input,NCR Sep-2025 names Amazon among Nordic's major customers,
G7,grading the links,"Grade every edge's share and lag separately A-D (A audited filing measuring the edge; B filing floor or disclosure plus estimate; C proxy / verbal / one snapshot; D assumption), and mark a D as not_public or not_collected; an edge is as reliable as the weaker of the two, a path as its weakest edge",One colour for 'has a source',"The earlier colouring only reflected the share: every lag was reasoning, even on blue edges",config/supply_graph.csv; graph_tier_grades.csv,"shares mostly A/B, lags mostly C; retail tier D"
G8,lags checked against data,"Bound each tier's reorder lag by its inventory cover (Little's law) from data we already had: Ingram / TD Synnex / Arrow / Avnet / Logitech inventory days, nRF54 factory lead time; capped Logitech -> Ingram at 5.8 weeks and ODM -> Logitech at 9.5",Keep the reasoned ranges; or set lags equal to inventory cover,"Cover is an upper bound on how long a unit waits, not the information lag itself; using it as a bound keeps the reasoning and removes ranges the data contradict",graph_lag_checks.csv (recomputed every run),2 ranges capped; all checks ok
G9,GN's distributor,"Use GN's audited disclosure 'one distributor, mainly in Enterprise, more than 10% of group revenue' (DKK 2,001m in 2025 = 21% of continuing ops) as the floor of the GN -> IT distributor share",Pure assumption,The data existed in the annual reports we had cached; the earlier note 'GN discloses no customer split' was wrong,GN AR2022-AR2025,gn_distrib low 0.21 (was 0.25 assumed)
G10,uncertainty,"Monte Carlo (triangular low / mid / high on every share and lag, 300 seeded draws) for the mean lag and the kernel band, and a tornado to rank inputs",Report the mid only,Shows how much the answer depends on the weak links and which data would help most,"graph_mean_lag_mc.csv, graph_tornado.csv","mean lag 17-20 weeks (90%); top drivers are C-graded build / order lags, not the D retail gaps"
G11,node set,"Logitech's Suzhou plant folded into Logitech (the direct Nordic -> Logitech edge stays: it decides whom Nordic invoices, which matters for attribution). No 'remaining' bucket node: Nordic's other customers ship through the same component distributors and EMS nodes",Separate Suzhou node; an Amazon-devices node,"Suzhou is part of the OEM, not a separate tier, and moved the mean lag by <1 week; Amazon's devices are one of many other Nordic OEM customers that, together, are most of Nordic's revenue - the node shows scale, not a propagated path",graph_mean_lag_mc.csv unchanged (18.6 weeks),"10 nodes: Nordic, component distributors, ODMs / EMS, Logitech, GN, Ingram, TD Synnex, Amazon, other retail, end demand"
G12,graph over time,"Animate the fixed graph quarter by quarter 2020Q1-2026Q2: node inventory cover (percentile in the node's own history), flow YoY, channel state, edge flow from the 10-K known that quarter, and each lag's data bound (inventory cover); regime-adjusted lag labelled as an assumption",A lag 'video' with estimated lags per quarter,Inventory and flow are observed quarterly for five nodes; lags are not observed at all - only their inventory-cover bound moves with data,steps/step5_supply_graph/outputs/graph_timeline.csv; dashboard tab 'Chain over time',2023Q3: Nordic and component distributors at the top of their stock history while sell-out was -4%
G13,data support vs level,"Keep the grade (how much data supports a share or lag) separate from the value: two grades shown separately (colour = lag support, line style = share support; tier table split), and every range at least as wide as its grade requires (A ±10%, B ±25%, C ±50%, D ±100% of mid), data bounds applied on top",One combined edge grade; hand-set ranges,"The combined grade hid that shares are mostly A while lags are C/D; hand-set ranges made D inputs look as certain as C ones, so the Monte Carlo and the tornado ranked by my assumptions, not by data support","graph_tier_grades.csv, graph_tornado.csv","mean lag band 15-20 weeks (was 17-20); top value-of-information: Logitech in-house wait (D, collectable), ODM build (C), Logitech -> other retail lag (D, public proxy)"
G14,Amazon's two roles,"Amazon's devices are Amazon: one node with two roles (retailer of Logitech / GN; Nordic customer as a device OEM, edge E25 not propagated). Entities are only those in the brief plus tier roles; no entity is merged into a 'remaining' bucket",Separate 'Amazon devices' node; an 'other Nordic customers' node,"The same company's demand reaches Nordic twice; splitting it hid that, a bucket node invented an entity",NCR Sep-2025,
G15,retail and reseller lags,"Bound the retail-tier lags with public inventory cover: Amazon 36 d, Best Buy 77 d (other retail; Walmart / Target as context), CDW 17 d (IT resellers), GN continuing ops ~161 d, Logitech in-house = nRF54 lead time + Logitech cover; all via SEC XBRL except GN (reports)",Leave them as D assumptions,The data were public; only 'distributors -> Amazon / resellers' shares and Amazon's device lag remain not public,steps/step5_supply_graph/outputs/graph_lag_bounds.csv; pipelines/A_company_financials/config/data_config.csv,"lags: 23 C (bounded), 1 D; CDW's 2.4 weeks cut the assumed reseller lag from 2-4 to 1-2.5 weeks"
G16,Amazon sell-out (Keepa),No Amazon rank or price series: Keepa excluded (paid; the analyst's rule is free data only); the free route (Internet Archive copies of product pages and best-seller lists) tested and rejected; price / promotion skipped as too noisy for the time available,Scrape Amazon; wait,Free archived pages give the rank in 2 of 14 monthly captures of the best-archived SKU and the US mouse list in 9 of 22 quarters: no quarterly series,brief_data_checklist.csv; Pipeline C data_config amazon_bsr_keepa,the retail tier keeps Logitech's disclosed sell-through gap as its sell-out proxy
G17,Digi-Key / Mouser,"A live gauge read on demand (./run.sh --live), not a weekly series; changes compare exact distributor listings present in both readings",Weekly scheduled snapshots; compare totals,"The analyst wants a live reading of Nordic channel tightness; findchips shows a different regional listing set per fetch (Avnet Silica vs Americas), so totals swing with the listing",dashboard tab 1 'Live gauge',like-for-like change 0% on 2-4 listings between 23 and 26 Sep
G18,ODM production lead,"One quick test, then stop: Taiwan-listed ODMs' monthly revenue (MOPS, free) vs Logitech / Nordic quarterly YoY at leads of 0-6 months; not used in any forecast",Build an ODM-based nowcast of Logitech sell-in,"No brand names its ODMs (identity only from US customs records, grade C); the ODMs are diversified and Logitech's share is undisclosed; Logitech's own guide already embeds its production plan",steps/step5_supply_graph/outputs/odm_lead_test.csv,"Merry (2439, acoustics) correlates 0.61-0.74 with Logitech sales YoY at leads of 0-3 months (peak 0.74 at 2 months, consistent with the 6-9.5 week ODM lag of E08) but only 0.07-0.21 with Nordic consumer and 0.29-0.44 with the TD Synnex control, so its link looks Logitech-specific; Lite-On tracks the broad cycle (0.64-0.70 with TD Synnex, <=0.21 with Logitech). n = 17-22 quarters: the SE of a correlation is ~0.2, so 1 vs 2 vs 3 months cannot be told apart. Not used in any forecast"
G19,graph vs step 4 lag (check only),"Compare the graph's flow-weighted lag with step 4's reasoned lag (total, upstream, downstream) and with the measured correlation peak for both drivers and samples; change nothing",Force the graph edge lags to sum to step 4's tiers; replace step 4's lag_weeks with the graph,The two lag sources were set independently and nothing in the code tied them; a check shows whether they disagree and why before either is changed,"steps/step5_supply_graph/outputs/graph_vs_step4.csv, graph_vs_step4_data.csv; step5_report.md","Graph 18.2 weeks vs step 4 22 (inside step 4's 15-32 range; the graph's Monte Carlo 15.6-19.8 sits wholly below step 4's mid). Upstream agrees (14.3 vs 15); the gap is downstream (3.8 vs 7) because the graph treats the 10-K residual customers (52% of flow) as direct retail; routed through a distributor it closes to ~20 weeks. Data peak at 2 quarters for 3 of 4 driver/sample rows (3 in the fourth), runner-ups within 0.03-0.11: a lean towards step 4, not a contradiction"
G20,Logitech's unnamed 10-K residual (distributor share p),"Edge E14 (logitech -> other_retail) carries a mixed lag (1-p) x direct retail + p x the Ingram / TD Synnex downstream lag; p = 0.25 / 0.50 / 0.75, grade D",Keep p = 0 (all direct retail); add an 'other distributors' entity (not allowed: entity list fixed); p = 0-1 per the D rule; 0.2/0.5/0.8 (no basis),"No filing, call or reachable conference gives a distributor share (SEC full-text 2001-2026, 18 transcripts). p = 0 is ruled out (10-K: distribution a primary channel; GRI 2013 names regional distributors). Floor 0.25 from B2B ~40% (CEO, secondary report) vs Ingram + TD 26% (conditional on residual B2B going through distributors); cap 0.75 and mid 0.5 judgment (direct supply to major chains, Logitech.com, direct resellers)","steps/step5_supply_graph/config/logi_residual_evidence.csv (8 quotes, each checked against its saved document); outputs/graph_residual_lag_by_p.csv",Graph mean lag 18.2 -> 19.0 weeks (p 0.25-0.75: 18.6-19.4; MC 90% 16.6-21.0). Gap to step 4's 22 weeks narrows from 3.8 to 3.0; the rest is upstream (-0.7) and the distributor route (-0.9). Forecasts unaffected at h=2 (P74)
G21,"graph vs step 4 lag: gap by route, like with like, continuous lag (check only)","Decompose the graph - step 4 gap by route group (flow x (graph - reference) per path stage; the 10-K residual split into distributor route and direct-retail part at p) and re-measure step 4's correlation peak on a continuous lag (0-4 quarters, step 0.05, linear interpolation, one fixed sample per driver) with a moving-block bootstrap 90% CI (blocks of 4 quarters, 2000 draws, seeded; config supply_graph.lag_check), for step 4's sell-in driver, the graph's sell-out proxy and three drivers outside the chain (TD Synnex sales, US electronics-store sales, WSTS billings). No edge lag, share or step 4 lag_weeks changed",Raise edge lags towards the 26-week peak; replace step 4's lag_weeks with the measured peak; compare the sell-in driver's peak with the total lag; integer lags only; a lag search whose sample changes with the lag,"The graph's lags are physical dwell times (capped by inventory cover); the correlation peak mixes order-signal delay, cover that was higher at the 2022-23 turn and the common cycle, so it cannot set an edge lag. Step 4's lag_weeks stays the documented prior (written before the data). Step 4's driver is Logitech revenue = sell-in, so like with like it compares with the upstream lag, not the total. Integer quarters of YoY cannot resolve weeks, and a sample that changes with the lag moves the peak (graph driver: 2022Q1 enters at lag 3 but not at 3.1)","steps/step5_supply_graph/outputs/graph_vs_step4_decomposition.csv, graph_vs_step4_continuous_lag.csv; step5_report.md (Consistency with step 4)","Gap -3.04 weeks = Amazon direct -0.67 + Suzhou in-house -0.65 (structure) + distributor route -0.74 (cover bound) + residual direct part at p 0.5 -0.79 (judgment) + GN -0.19. Sell-in driver: tau 31 weeks (90% CI 19-36): graph upstream 14.3 and step 4 upstream 15 both outside, so like with like the peak exceeds the chain by ~17 weeks, not 7. Sell-out proxy: CI 13-47, cannot separate 19 from 22. Nordic lags US electronics-store sales by 18-20 weeks and WSTS billings by 26 weeks; paired differences to the sell-in driver's tau include 0 (+1, -3 weeks): the ~2-quarter peak is consistent with the cycle's timing at Nordic, not the Logitech -> Nordic order lag. TD Synnex (11 quarters, one turn) leads by less. Forecasts unaffected"
G22,which breaks changed the relationships (step 5c),"Test each relationship for a break rather than list events: Chow (predictive when a segment is shorter than the parameters) and a HAC Wald test at the hand-set regime edges and at the data-dated cycle transitions for Nordic consumer on Logitech sell-through (t-2); stability ranges for 10-K shares and the lag kernel; Wilson intervals for the FCC socket share; the step-2 share path, the 2023 top-10 vs broad split and the bullwhip intervals",Bai-Perron search over all dates (18 observations: the search would find a break by chance); per-regime slopes in the model (too few quarters per regime),Analyst request 2026-09-27: the brief asks which breaks changed the relationships; an event list does not say which edge moved or whether the data can tell,steps/step5_supply_graph/outputs/relationship_breaks.csv,"Downstream structure stable (10-K shares within 3 pts, kernel lag-1 weight 0.54 throughout). Changed: Logitech+GN share of Nordic 14.7% -> 21.5% -> 16.8%; route split in 2023 (top-10 -3%, broad -46%); the Nordic-Logitech link breaks at the end of the shortage (data-dated 2022Q4, Chow p 0.04, 3 obs before) and not at the hand-set 2022Q3 / 2024Q2 edges (p 0.66 / 0.77). Not distinguishable: socket share rise, bullwhip ratio by regime"
G23,structural breaks through the chain (step 5d),"Separate a SHOCK (dated change in flow, every edge unchanged: propagate it through the graph) from a BREAK (an edge's lag, share or amplitude, or a node's reporting basis changes: condition, exclude, split or restate). Classify every entry of config structural_breaks and regimes once (config/structural_breaks_chain.csv: element changed, buffer, handling, ids) and compute its consequence for Nordic from data in the repo. Work the 2026 Logitech supplier incident as the event study: lost sales -> customers (10-K shares) -> builds (build->sale lag per path, E05 / E08) -> Nordic shipments (rest of the path lead x step-2 content), continuous in weeks and summed into quarters by overlap; chips shipped before the incident or inside the frozen window stay at the holder and are used first at restart; Q3 cuts are push-outs / cancellations of booked orders; share_in_nordic_guide nets the guided quarter",A list of events with switches (structural_breaks) and no classification; a single-quarter shift of the incident (step 7c); a regime dummy for 2026,"The brief asks what changed the relationships and how it was handled: only 2 of 14 entries (the 2021-22 backlog regime, the 2022-24 destock) plus a price-vs-units effect change an edge; the incident leaves the graph intact, so propagating it tests the graph's logic instead of excluding quarters. A single shift maps part of a dated shock before its own date (P97)",steps/step5_supply_graph/outputs/event_study_supplier_incident.csv; structural_breaks_chain.csv; event_study_supplier_incident.svg; relationship_breaks.csv (5c tests),"Nordic 2026Q3: -7.1m gross vs step 7c's -6.5m (1.5m it mapped to 2026Q1-Q2 comes back at restart), -1.8m net of the 75% in the guide (step 7c -1.6m), band -10.2 to -2.6; 2026Q4 -0.9m (band -6.0 to 0; downside -3.0, upside +1.6), not in any forecast. Conservation: -8.0m = 3.63% x -220m. No forecast changed (step 7c owns the term)"
G24,shock direction rule,"Demand shocks: forward through the order-signal lag (kernel convolution over past demand). Dated supply / event shocks: forward from the event date with causality truncation and conservation (event study, G23). Anticipated demand (seasonal builds, a brand's own guide) moves Nordic ahead of sales; YoY growth removes seasonality, so the kernel's reaction direction is kept",One lead-shift formula for every shock (the old step 7c incident term),"A backward lead shift of a supply shock books losses before the event (P97); the lag was right, the model form was not",audit table in the reply of 2026-09-27; tests/test_step5.py::test_propagate_is_causal,"No change to demand-side forecasts (all were already causal); step 7c's incident term moves to the event study (-1.6 -> -1.8 Q3, -0.9 Q4)"
G25,order-signal lag = physical dwell + information delay (reasoning before computing),"Each edge's lag gets a second, separate term: the information delay of the planning decision the BUYER on that edge makes (the dst node places the order on the src node). Textbook periodic-review order-up-to with an exponentially smoothed forecast: a demand change waits on average half a review period R/2 before the next order, and the smoothed forecast carries it with mean age (1 - alpha) / alpha periods (Brown 1959; Silver, Pyke & Peterson ch. 4), so delay per planning tier = R/2 + (1 - alpha)/alpha x R weeks. Planning tiers: weekly replenishment (Amazon, other retail, resellers, Ingram / TD Synnex ordering from the brand: E11-E22 except the sell-out identities), the brand's monthly S&OP (Logitech / GN ordering builds from the ODM: E08, E10), ODM / EMS MRP (component call-offs: E02, E04, E06, E07), Logitech's own plant = S&OP + MRP (E03, E05: the same two decisions the ODM route crosses, so both routes carry them once), Nordic's distributors' monthly reorder (E01). Sell-out edges (E23, E24) carry no order decision (sell-out is the demand); E25 has no lag. Parameters in config/model.yaml supply_graph.info_delay; which edge carries which planner in config/supply_graph.csv info_delay_planner / info_delay_evidence. All grade D (not public: no company discloses its planning cadence or smoothing), so each planner's range gets the D half-width (+/-100% of the mid) and is not capped by inventory cover (it holds no stock). The Little's-law cap stays on the physical part only; the physical columns are unchanged.","(a) keep the physical dwell as the lag (P86: order signals add delays that hold no stock, so it is too short for 'how long until Nordic's revenue moves'); (b) raise the physical lags to the correlation peak (puts the common cycle into the chain, P86); (c) one global lag add-on (hides which tier plans and cannot be checked tier by tier); (d) per-edge independent info-delay draws in the Monte Carlo (one planner, e.g. Logitech's S&OP, sits on several edges: drawn once per planner so it moves them together)","The brief asks how long a change in end demand takes to reach Nordic's revenue: that is an order-signal lag, not the time a unit sits in stock. The information delay is the textbook piece the physical graph leaves out. Values are industry practice, grade D, stated as ranges; the data cannot place them (one down-up cycle, flat correlation surface, P86), so the data are a consistency check (step 4 reasoned 22 wk; near-optimal set 19.5-37 wk), not a fit. Caveat (P100): the additive form assumes a buyer works its buffer down before reordering; the legacy rationale for E08 and step 4's lag_weeks already names S&OP, so part of the planning delay may be counted twice - shown as a sensitivity (smoothing only, R/2 dropped).",config/model.yaml supply_graph.info_delay; config/supply_graph.csv info_delay_planner / info_delay_evidence; steps/step5_supply_graph/src/info_delay.py,"Lag answer (signal basis, mid): flow-weighted 19.0 -> 26.5 wk (MC 90% 22.7-29.9; physical 16.3-21.0), Amazon direct 17.3 -> 24.1 wk (20.8-27.3), via Ingram / TD Synnex 20.5 -> 28.7 wk (24.5-32.5); smoothing-only variant 21.6 wk (P100). Upstream Nordic -> brand 14.3 -> 19.6 wk: now inside the sell-in driver's near-optimal set (19.5-37); total 26.5 inside step 4's reasoned 15-32 (mid 22), still below the sell-out proxy's set (32.5-47.5). Step 4 priors move (Logitech edge 1 4.6 -> 7.0 wk, edge 2 14.3 -> 19.6 wk); posterior rule unchanged (data uninformative: posterior = prior). Biggest single input: Logitech / GN S&OP delay (swing 6.5 wk, grade D). DEFAULT: forecasting kernel kept PHYSICAL (supply_graph.lag_basis), measured in a sandbox copy with lag_basis = signal (2026-09-27): kernel mean 1.46 -> 2.04 q; step 6 GR h=1 RMSE 21.05 -> 20.34m (still 3.9x the guide), GR h=2 28.03 -> 28.10m (0.59 -> 0.60x GB), GRg h=2 28.44 -> 28.13m; Nordic Q4 2026 GR point 222.4 -> 221.8m (band 186.5-258.4 -> 185.4-258.1), GRg 216.3 -> 221.2m (+5.0), GRg lag low / high 211.5 / 219.7 -> 211.5 / 212.8; step 7c Nordic Q3 CH 224.5 -> 224.0 (weight 0: final Q3 forecast unchanged), Q4 CH / GR 213.1 / 223.3 -> 213.0 / 222.6; step 6c graph challenger: composite RMSE 3.38 -> 3.51 pts, OLS 2.96 -> 4.80, ridge 2.60 -> 3.66, and its pre-registered live forecast 238.6 -> 237.1m logged under the same spec hash (P101). GR moves trivially, GRg and the pre-registered challenger do not -> the switch is left to the lead (config), the signal basis answers the lag question. Event study (5d) stays physical (a supply shock moves goods already in the pipe; order cuts are modelled there by frozen window / lead time)."
G26,route-level demand through the graph (step 5e): Logitech's sell-through allocated across its 10-K routes (reasoning before any score),"Route demand D_r = Logitech sell-through YoY (sell-in YoY + disclosed gap: the total of step 6 GR / step 7c CH) + shrink x sd(total) x (z_r - sum_r w_r z_r); z = each route proxy standardised with its own mean and sd over the quarters known at the origin (>= min_obs quarters, else the route takes the total, as it does in a quarter with no proxy); w_r = the graph's route masses at step 6's origin date (= Logitech 10-K shares Amazon / Ingram / TD Synnex / residual filed by then). Proxies: Amazon total revenue YoY (XBRL); Ingram client & endpoint, else total sales; TD Synnex Endpoint billings; other retail = mean of Best Buy Computing & Mobile comps, CDW revenue, US electronics-store sales. Distributor dollars from 2026Q1 minus structural_breaks.distributor_asp_inflation_2026. Each route is propagated with its own kernel (paths through that Logitech customer; lag basis from config); GN stays on the aggregate path. Then CH's formula (s_t step 2, m step 3). Shrink fixed at 1 before scoring; 0 (= CH-aggregate), 0.5, 'demean' and the other lag basis are reported, never selected. Config route_propagation.","(a) Route proxies' LEVELS as route demand (the all-vendor proxies replace Logitech's number): rejected - Amazon includes AWS and ads, distributors memory / servers and 2026 ASP inflation, CDW is B2B IT; all carry the common cycle; Logitech's own sell-through is the one number about Logitech. (b) Raw YoY deviations: Amazon's structural ~10-13% growth becomes a permanent route premium; kept as the 'demean' sensitivity. (c) Route-specific content or multipliers: no evidence Nordic content differs by route. (d) GN by route: GN discloses only annual-report caps.","Prior stated before scoring: with sum_r w_r D_r = total pinned, the split moves CH only through differences between route kernels, sum_r M_r sum_k (K_r,k - K_k) dev_r(t-k). Route lags differ by ~3 weeks (Amazon 17, Ingram / TD Synnex 20 on the physical basis) and all sit on lags 1-2, so at h=1 the split only re-weights t-1 vs t-2 and at h=2 (every lag below h reads t-2) it cannot change anything. Any gain would need mix divergence timed differently by route. Expected small.",steps/step5_supply_graph/outputs/route_propagation.md; route_demand.csv; route_propagation.csv; route_propagation_scores.csv; tests/test_route_propagation.py,"As the prior said. h=1: CH-route RMSE 12.74m vs CH-aggregate 12.73m vs GB 7.43m (14 quarters); route increment over CH-aggregate t -0.3; largest gap 0.29m. h=2: identical to CH-aggregate on every quarter (38.4m vs GB 44.1m). Signal-lag basis: gaps <= 0.21m, t -0.7 / +0.1. Live: Q3 2026 CH-route = CH-aggregate 224.5m (routes re-allocate: TD Synnex +1.4 pts, Ingram -1.4, other retail -0.5, Amazon +0.5), Q4 213.1m. Not offered to step 7c as a change: route detail cannot reach the forecast through lags this close; it is shown as structure (who carries the demand) only."
G27,route proxies as a nowcast of Logitech's unreported quarter (step 5f; reasoning and adoption rule before any score),"At the h=2 origin of Nordic t (day before Nordic reports t-1 = t-1 end + 21 d) Logitech has not reported t-1. Nowcast y(t-1) = Logitech sell-through YoY (sell-in YoY + gap) from proxies released by then (release date = stored filing date or period end + a graded typical lag, config route_nowcast.release_lag): TD Synnex revenue (FQ Jun-Aug: 2 of 3 months), Endpoint billings (no live value), Best Buy Computing & Mobile comps (May-Jul: 1 month), US electronics-store sales months 1-2 (partial-quarter YoY). Amazon, Ingram, CDW report after Nordic: excluded by the rule. Models: N0 persistence (default); N1 Logitech's guide (comparison only); N2 y(q) = y(q-1) + b x mean_j dx_j/sd_j (one slope through the origin, expanding window from 2021Q4, b = 0 below 6 pairs; N2c composite, N2s TD Synnex revenue, N2e Endpoint). Each fed to step 6 GR (forecast_row) and step 7c CH through the graph kernel, with a one-entry ahead map (t-1 only). Adoption rule set by the analyst on 2026-09-27: default = persistence (a modelling assumption); a proxy nowcast replaces it only if its RMSE is below N0's on the same quarters AND DM t <= -2 or encompassing t >= 2, AND Nordic h=2 GR is not worse; Logitech's guide is not a candidate (the analyst considers it known to be inaccurate) and is never pre-registered.","(a) Level bridge y = a + b x (the textbook bridge equation): rejected - all-vendor levels (TD Synnex +38% in 2026 on memory) would become Logitech's level; the change form nests persistence (b = 0). (b) Several regressors / a factor model: ~13 training pairs, one slope only. (c) N3 = guide + proxy adjustment: needs the guide (user rule) and has 5 observations. (d) Aligning proxies by the quarter they describe: look-ahead (P105). (e) Distributors' own guides (Ingram's Q3 guide is out 30 Jul): a forecast, all-vendor, not pre-declared; left out. (f) First-release vintages of retail sales (ALFRED): a new data source; revision risk disclosed (P108).","Prior before scoring: modest at best - proxies are all-vendor / all-category and carry the common cycle, Logitech is ~0.8% of TD Synnex's revenue, two of three overlap the target by 1-2 months, TD Synnex's 2026 dollars are memory ASPs, and Logitech's YoY is persistent. The analyst's rule puts the burden of proof on the proxies because persistence is transparent and a wrong nowcast moves Nordic's Q4 line; the guide is excluded on its record (step 7e / F24).",steps/step5_supply_graph/outputs/route_nowcast.md; route_nowcast.csv; route_nowcast_nordic.csv; route_nowcast_scores.csv; route_nowcast_availability.csv; route_nowcast_prereg_log.csv; tests/test_route_nowcast.py,"As the prior said: no proxy nowcast beats persistence. Nowcast RMSE vs N0 on the same quarters: N2c 5.60 vs 4.96 pts (n 13, DM t +0.5), N2s 4.49 vs 4.22 (n 8, +0.7), N2e 4.25 vs 4.22 (n 8, +0.1); guide (comparison) 4.04 vs 2.93 (n 5). Nordic h=2 GR: persistence 28.0m (n 9), N2c 27.4 (DM t -2.5 but 95% of the gain from 3 quarters and the nowcast itself worse: P109), N2s 28.5, N2e 27.7, guide 28.4; CH 38.4 for every variant. Verdict: persistence (N0) stays the default; nothing changes in step 7. Live (pre-registered): Logitech 2026Q3 sell-through YoY N0 10.9, N2c 12.7, N2s 11.8 (guide 5.4, not registered); Nordic 2026Q4 GR 223.3 / 223.9 / 223.8m, CH 213.1 / 213.4 / 213.2m. Check on 27 Oct when Logitech reports. Replication: N0 / N1 graph demand = step 6 GR / GRg exactly."
G28,events of 2021-26 tested one by one (step 5c),"Answer the brief's structural-break question by event: each event at a date fixed in config, typed as relationship break, input moved, shock, proxy break or forward risk, with a test where the data allow. Added: 2025 US tariffs (price step from the quoted +150 bp gross-margin lift = 2.75% of sales; unit driver = dollar driver minus the step; Chow across the step; purchase pull-in as a timing shock), post-COVID normalisation (decomposition of Nordic's 2022-24 consumer fall into the Logitech+GN slice and the rest), AI / memory cycle (WSTS vs Nordic: Fisher z and Chow; distributor minus Logitech gap: Welch t), Nordic capacity (forward risk)",Keep the event list by tool (G22 / 5d); use the unsourced '~10% US list price' from the research notes; call the AI / memory decoupling a break on the levels alone,"Analyst review 2026-09-27: section 4 answered by tool and mixed breaks, shocks and reporting items; three candidate events were not assessed",steps/step5_supply_graph/outputs/event_breaks.csv; normalisation_decomposition.csv,"Tariffs: $-vs-units break of up to 2.75 pts in the Logitech driver (2025Q2-2026Q1); link across it not distinguishable (Chow p 0.78 / 0.91, 3 quarters after); live effect on Nordic's chain term ~0.5m (weight 0: forecast unchanged). Normalisation: 2023 Nordic consumer -38%, of which the Logitech+GN slice -3 pts and the rest -34 pts; link stable at 2024Q2 (p 0.77): input moved, relationship stable. AI / memory: visible in levels (WSTS +129% vs Nordic +33%; TD Synnex-Logitech gap +4, +11, +24) but not significant on this sample (Fisher-z p 0.28, Chow p 0.57; Welch p 0.15); both series context only. Microchip MCU distributor days unaffected (28, 26, 25). Capacity: risk, watched (W4)"
G29,"industry-cycle regression as a pre-registered Q4 challenger (step 5g; reasoning, spec and adoption bar before any score)","CYC: Nordic consumer YoY at t (GR's target; total = guide-anchored benchmark + consumer tilt, as GR) on ONE industry-cycle series at t-2, OLS, expanding window, through step 6's forecast_row at h=2 (same targets, training rows, supply-constrained rule (config backtest: kept, as GR), guide rows, GB). Series: US electronics-store sales YoY (RSEAS, Census via FRED, grade A). Point in time: a cycle quarter is published when its third month is (quarter end + release lag: RSEAS 45 d = route_nowcast.release_lag.rseas; WSTS 45 d, grade C); origin(t) = the day before Nordic reports t-1; t-2 is the last full quarter out by then, t-1 is filled by persistence (F24), no partial quarters. Pre-stated robustness: CYCw (WSTS world billings YoY at t-2 instead) and CYCg (RSEAS + GR's graph demand, two slopes: the cycle beyond Logitech). Bar (config cycle_challenger.adoption, before scoring): on the quarters where CYC, GR, CH, GB and the actual all exist, RMSE < GR's AND (DM-HLN t <= -2 OR encompassing t >= 2 over GR) AND top-3 share of the squared-error gain < 0.5. Met or not, CYC is a pre-registered challenger for Q4 2026 only (steps/step5_supply_graph/outputs/cycle_challenger_prereg_log.csv); F22 / F24 stay; adoption for later prints is the analyst's call. (GR + CYC) / 2 scored as a diagnostic only.","(a) WSTS as primary (G21: Nordic lags it by ~26 weeks = lag 2): rejected before scoring - world billings are dominated by AI logic and memory prices from 2024 (G28, P110: WSTS +129% YoY in 2026Q2 vs Nordic +33%); the live input (2026Q2, +129%) is 3.4x the largest value in its training rows (+38%), so the slope would be extrapolated; kept as robustness CYCw to show it. WSTS has no product split in the repo (region split only in the uncached workbook). (b) TD Synnex / Ingram sales: all-vendor IT distribution, memory ASPs in 2026, merger mask 2021Q4-2022Q3, Logitech <1% of them: rejected. (c) Microchip distributor days (step 3): a channel-inventory state, already in the 6c composite and in the anchor's building state (F20) - reusing it re-opens the stopped factor search (B40) and double counts the anchor: rejected. (d) Two cycle series or a factor model: n 9-18 training rows, one cycle (P58): one slope. (e) Partial-quarter RSEAS for t-1 (months 1-2 are out at the origin): the bridge lost to persistence in step 5f (G27); t-1 by persistence. (f) Excluding the supply-constrained rows (2022Q1-Q2, whose regressors carry the 2020 lockdown base): would change the training rule relative to GR; reported as step 6's own sensitivity flip for both models, not selected.","P77: GR's slope is ~3x the attribution slice because Nordic's other consumer customers ride the same cycle; the question is whether an industry series times that cycle better than Logitech through the graph. Consumer end demand is the hypothesised common driver of Nordic's consumer segment; the inventory amplification (Nordic -38% in 2023 against RSEAS -5%) is left to the slope, as in GR. One slope, the same target, window and origin make CYC a pure swap of GR's regressor, so the scores compare information, not specification. Analyst approval 2026-09-27 lifts Pipeline B's 'context only, never a regressor' rule for this challenger only; the forecast does not read it. Prior before scoring: weak - RSEAS is US-only, nominal (2025 tariff pass-through), includes appliances and moves +-5% outside COVID; Logitech's own sell-through is the closer measure of the same end demand.",steps/step5_supply_graph/outputs/cycle_challenger.md; cycle_challenger.csv; cycle_challenger_scores.csv; cycle_challenger_prereg_log.csv; tests/test_cycle_challenger.py,"As the prior said, the bar is not met. On the 9 quarters where CYC, GR, CH and GB all exist (2024Q2-2026Q2, h=2): RMSE CYC 38.8m, GR 28.0, CH 39.4, GB 47.2; CYC bias -30.7m, closer than GR in 2 of 9 quarters; DM-HLN t +1.6 (worse); encompassing CYC over GR beta +2.94 (t +2.3; drop one quarter: 1.5 without 2025Q2, P114), GR over CYC beta -1.94 (t -1.5); no net squared-error gain (top-3 share n/a). Robustness: WSTS 25.9m (0.92x GR, DM t -1.0) but live input +129% = 3.4x its scored range -> Q4 379m (P113); RSEAS + graph demand 36.7m. (GR + CYC) / 2: 31.5m (diagnostic). Step 6 sensitivity (supply-constrained out, n 7): CYC 36.0 vs GR 34.5. Live Nordic 2026Q4 (incident -0.9m in every line): GR 222.4, CH 212.2, CYC 208.3 (158.6-258.0, 1.28 x 38.8), GB 221.1; beyond the Logitech / GN slice GR sees +10.2m of cycle, CYC -3.9m. Pre-registered in cycle_challenger_prereg_log.csv; check 2027-02-05. Q4 forecast unchanged (GR, F22 / F24)."
G30,CYC decomposition against the new point model GRi,"Compare each Q4 model's gap to CH (the slice as reasoned) with CYC's, per h=2 walk-forward quarter and live, and read the live gap against each model's own historical mean (anomaly); keep it outside the pre-registered CYC files so their spec hash does not move",Compare live levels only (GRi -3.3 vs CYC -3.9 looks like agreement),"Analyst request 2026-09-27 after GRi (F26, forecast fill) replaced GR: does GRi fit the industry reading better? Levels carry each model's bias (CYC -30.7m walk-forward bias), so only anomalies compare readings",steps/step5_supply_graph/outputs/cycle_decomposition*.csv / .md,"Level: GRi (-3.3) matches CYC (-3.9), GR (+10.2) did not. Anomaly: GRi -16.5 vs its norm, CYC +11.7 - opposite: no shared reading. History: GRi's gap tracks what CH missed (corr 0.73, mean +13.2 vs actual +15.1) better than GR (0.69, +8.3); CYC tracks direction best (0.78) but its level is biased. No change to any forecast"
