metric,label,tier,kind,unit,series,grade,brief_item,used_in,note,n,first,last,latest
sellout_proxy_yoy,Sell-out proxy YoY (Logitech sell-in + disclosed sell-through gap),0 sell-out,flow,% YoY,panel:sellout_proxy_yoy,C,management commentary on channel inventory,"steps 3, 4, 5, 6 (L3, GR)",Amazon BSR not scraped: this is the stand-in,22,2021Q1,2026Q2,10.93
logi_st_gap,Logitech sell-through minus sell-in,0 sell-out,channel,pts,panel:logi_st_gap,C,management commentary on channel inventory,"steps 3, 6, 7; dashboard",verbal each call; quote-checked,21,2021Q2,2026Q2,4.0
gn_st_gap,GN Enterprise sell-out minus sell-in,0 sell-out,channel,pts,panel:gn_st_gap,C,management commentary on channel inventory,step 3 (GN channel index),verbal; 2024Q3 onwards,6,2024Q3,2026Q2,3.0
rseas_yoy,US electronics & appliance store sales YoY (FRED),0 sell-out,flow,% YoY,panel:rseas_yoy,A,(context),"Lag answer: the correlation plateau is the industry cycle (US electronics retail leads Nordic as much as Logitech does, G21); Q4 challenger CYC (G29); never in the six forecasts","all electronics, not peripherals",26,2020Q1,2026Q2,7.47
ingm_sales,Ingram Micro net sales,1 distributor,flow,USD m,panel:ingm_sales,A,quarterly reports (all five),Chain over time (Ingram's flow on the graph); step 3 cross-check,IPO Oct-2024: the 2022-H1 2023 quarters are aggregator estimates (is_estimate = 1 in the raw table),18,2022Q1,2026Q2,14531.0
ingm_inv_days,Ingram Micro inventory days,1 distributor,inventory,days,panel:ingm_inv_days,A,days of inventory,step 3; step 5 lag bound (5.8 wk),all vendors; Logitech not a named vendor,17,2022Q2,2026Q2,40.47
ingm_ces_yoy,Ingram client & endpoint solutions YoY,1 distributor,flow,% YoY,panel:ingm_ces_yoy,C,segment revenue,Limitations answer: the rejected nowcast's proxy composite (5.60 vs persistence 4.96),verbal segment growth,8,2024Q3,2026Q2,12.0
snx_sales,TD Synnex revenue,1 distributor,flow,USD m,panel:snx_sales,A,quarterly reports (all five),step 3 posture,SYNNEX standalone before Sep-2021 merger (YoY masked),27,2020Q1,2026Q3,21558.0
snx_inv_days,TD Synnex inventory days,1 distributor,inventory,days,panel:snx_inv_days,A,days of inventory,step 3; step 5 lag bound (9.9 wk),all vendors,27,2020Q1,2026Q3,69.31
snx_endpoint_yoy,TD Synnex endpoint gross billings YoY,1 distributor,flow,% YoY,panel:snx_endpoint_yoy,C,segment revenue,"Limitations answer: GN read-across test (+0.21, below the 0.5 bar); nowcast proxy (rejected)",memory-driven ASP inflation in 2026,15,2022Q4,2026Q2,13.0
logi_sales,Logitech net sales,2 OEM,flow,USD m,panel:logi_sales,A,quarterly reports (all five),"steps 3, 6, 7",,26,2020Q1,2026Q2,1227.2
logi_ble_yoy,"Logitech radio categories YoY, core lines (mice / keyboards / gaming / tablet)",2 OEM,flow,% YoY,panel:logi_ble_yoy,B,segment revenue,"steps 2 (level), 4 (driver; edge-2 driver_alt), 6 (L6 driver)","lines in both taxonomies (config radio_content, core: true)",17,2022Q2,2026Q2,8.79
logi_inv_days,Logitech inventory days,2 OEM,inventory,days,panel:logi_inv_days,A,days of inventory,step 3; step 5 lag bound (9.5 wk),,21,2021Q2,2026Q2,66.23
logi_fg_weeks,Logitech finished-goods weeks,2 OEM,inventory,weeks,factors:logi_fg_weeks,B,days of inventory,step 3,,26,2020Q1,2026Q2,9.07
logi_channel_weeks,Logitech channel inventory vs target (index),2 OEM,channel,weeks,file:steps/step3_inventory_mechanism/outputs/channel_index_logitech.csv:excess_weeks,D,management commentary on channel inventory,step 3 channel call,exact recursion anchored on 'at target' statements (±0.7 wk),14,2023Q1,2026Q2,-2.05
logi_guide_mid,Logitech quarterly guide midpoint,2 OEM,guidance,USD m,panel:logi_guide_mid,B,quarterly reports (all five),step 7 forecast anchor,quarterly guides only since FY26,6,2025Q2,2026Q3,1202.5
logi_beat_vs_guide_pct,Logitech actual vs quarterly guide midpoint,2 OEM,guidance,%,panel:logi_beat_vs_guide_pct,B,quarterly reports (all five),step 7e Logitech guide-error model (F16: own record pooled with the 12 peers); step 7c benchmark,explicit quarterly guides only (since FY26),5,2025Q2,2026Q2,2.05
logi_gm_adj,Logitech gross margin (non-GAAP),2 OEM,margin,%,panel:logi_gm_adj,B,quarterly reports (all five),step 7,,21,2021Q2,2026Q2,44.8
logi_amazon_share,Logitech sales to Amazon (% gross sales),2 OEM,structure,% of gross sales,weights:amazon,A,Logitech 10-K customer concentration,step 5 graph (point in time),annual,5,FY2022,FY2026,18.0
logi_ingram_share,Logitech sales to Ingram Micro (% gross sales),2 OEM,structure,% of gross sales,weights:ingram,A,Logitech 10-K customer concentration,step 5 graph,annual,5,FY2022,FY2026,14.0
logi_tdsynnex_share,Logitech sales to TD Synnex (% gross sales),2 OEM,structure,% of gross sales,weights:tdsynnex,A,Logitech 10-K customer concentration,step 5 graph,annual,5,FY2022,FY2026,12.0
gn_periph_dkk,GN Enterprise + Gaming revenue,2 OEM,flow,DKK m,panel:gn_periph_dkk,B,segment revenue / GN restructuring history,"steps 2, 3, 7",restated segments (2024 OneGN; 2025 BlueParrott),17,2022Q2,2026Q2,2171.0
gn_enterprise_org,GN Enterprise organic growth,2 OEM,flow,% organic,panel:gn_enterprise_org,B,segment revenue,step 7 GN forecast,,17,2022Q2,2026Q2,-7.0
gn_gaming_org,GN Gaming organic growth,2 OEM,flow,% organic,panel:gn_gaming_org,B,segment revenue,step 7 GN forecast,ex wind-down,18,2022Q1,2026Q2,5.0
gn_cont_ops_rev,GN continuing-ops revenue (Enterprise + Gaming; forecast target),2 OEM,flow,DKK m,panel:gn_cont_ops_rev,B,segment revenue / GN restructuring history,step 7 GN forecast target and base,Hearing discontinued in 2026; continuing ops restated,6,2025Q1,2026Q2,2171.0
gn_cont_ops_ebita_adj_m,GN continuing-ops adjusted EBITA margin (forecast target),2 OEM,margin,%,panel:gn_cont_ops_ebita_adj_m,B,segment revenue / GN restructuring history,step 7 GN EBITA margin forecast,,6,2025Q1,2026Q2,5.1
gn_inventory,GN group inventory,2 OEM,inventory,DKK m,panel:gn_inventory,A,inventory,Mechanism answer: GN's own inventory (disclosure table); GN inventory days bound the ODM → GN lag,includes Hearing until 2026,22,2021Q1,2026Q2,1836.0
gn_channel_weeks,GN Enterprise channel drain (relative index),2 OEM,channel,weeks,file:steps/step3_inventory_mechanism/outputs/channel_index_gn.csv:excess_weeks,D,management commentary on channel inventory,step 3 channel call,no level anchor,8,2024Q3,2026Q2,-4.02
gn_top_distributor,GN's largest distributor (DKK m),2 OEM,structure,DKK m,gnd:dkkm,A,GN segment / customer disclosures,step 5 graph (floor of GN -> IT distributor),annual; distributor not named,5,2021,2025,2001.0
odm_monthly_revenue,Taiwan ODMs' monthly revenue (Merry + Chicony),2 OEM,flow,TWD m / month,odm:,B,(not in the brief: ODM tier),step 5 ODM lead test (G18); step 7f Logitech ODM nowcast challenger (F28),exchange (MOPS) monthly sales; codes from config logitech_odm_challenger; ODM identity from US customs records (grade C); Logitech's share undisclosed: a diluted proxy,200,2010-01,2026-08,10638.95
nordic_rev,Nordic revenue,3 component,flow,USD m,panel:nordic_rev,A,quarterly reports (all five),all steps,,26,2020Q1,2026Q2,218.6
nordic_consumer,Nordic consumer revenue,3 component,flow,USD m,panel:nordic_consumer,B,Nordic end-market disclosures,"steps 2, 4, 6",2025 taxonomy restated,22,2021Q1,2026Q2,125.2
nordic_ind_health,Nordic industrial + healthcare revenue,3 component,flow,USD m,panel:nordic_ind_health,B,Nordic end-market disclosures,step 2 attribution,,22,2021Q1,2026Q2,86.1
nordic_inv_days,Nordic inventory days,3 component,inventory,days,panel:nordic_inv_days,A,days of inventory,"steps 3, 6c",deliberate nRF54 wafer build in 2026,26,2020Q1,2026Q2,193.41
nordic_fwd_dio,Nordic forward inventory days (on next quarter's guided COGS),3 component,inventory,days,factors:nordic_fwd_dio,B,days of inventory,step 6c composite,,26,2020Q1,2026Q2,183.82
nordic_dist_state,Nordic distributor inventory state (coded from calls),3 component,channel,state -1..+1,panel:nordic_dist_state,C,Nordic distribution disclosures,"steps 3, 6c",verbal: 'healthy' / 'lean' / 'adjusting',22,2021Q1,2026Q2,0.5
nordic_backlog,Nordic backlog,3 component,orders,USD m,panel:nordic_backlog,B,book-to-bill,"step 5b timeline (backlog x quarterly revenue, 2021Q1-2023Q1); regime evidence: explains the ~4-quarter lag of 2021-22","discontinued by Nordic in Q2 2023; peak 2021Q4 USD 1,687m = 9.9x quarterly revenue; 2020Q4 USD 492m (+361%) in nordic_backlog_history.csv",13,2020Q1,2023Q1,603.4
nordic_guide_mid,Nordic revenue guide midpoint,3 component,guidance,USD m,panel:nordic_guide_mid,B,quarterly reports (all five),step 7 forecast anchor,,27,2020Q1,2026Q3,230.0
nordic_beat_vs_guide_pct,Nordic actual vs guide midpoint,3 component,guidance,%,panel:nordic_beat_vs_guide_pct,B,quarterly reports (all five),"steps 6, 7",,26,2020Q1,2026Q2,4.1
nordic_gm_adj,Nordic gross margin (adjusted),3 component,margin,%,panel:nordic_gm_adj,B,quarterly reports (all five),step 7,one-offs removed (2024Q2 write-down; 2025Q4),26,2020Q1,2026Q2,53.1
arrow_dio,Arrow inventory days (component distributor),3 component,inventory,days,factors:arrow_dio,A,days of inventory,step 3; step 5 lag bound,all components,26,2020Q1,2026Q2,61.12
avnet_dio,Avnet inventory days (component distributor),3 component,inventory,days,factors:avnet_dio,A,days of inventory,step 3; step 5 lag bound,all components,26,2020Q1,2026Q2,74.54
mchp_disti_days,Microchip distributor days,3 component,inventory,days,file:pipelines/A_company_financials/data/raw/mchp_distributor_days_long.csv:disti_days,B,days of inventory,"step 3b cycle state → step 7e Nordic / Logitech forecasts (F16, F20); steps 3, 6c, 6d, 6f",MCU distribution channel,75,2007Q2,2026Q2,25.0
wsts_yoy,WSTS world semiconductor sales YoY,3 component,flow,% YoY,panel:wsts_yoy,B,(context),Structural breaks answer: the AI / memory proxy test (WSTS vs Nordic); lag-check control; Q4 challenger CYCw; never in the six forecasts,"2026 surge (+129% YoY in 2026Q2) confirmed by the SIA release (3MMA $146.8bn Jul-2026 vs WSTS $146.8bn): AI / memory, not a data error",26,2020Q1,2026Q2,129.4
amazon_dio,Amazon inventory days (all categories),0 sell-out,inventory,days,dio:amazon,B,Amazon (retail tier),step 5 lag bound (Logitech / GN / distributors -> Amazon); 5b timeline,"10-Q XBRL; all categories, not peripherals",26,2020Q1,2026Q2,36.38
bestbuy_dio,Best Buy inventory days (all categories),0 sell-out,inventory,days,dio:bestbuy,B,retailers (retail tier),step 5 lag bound (-> other retail); 5b timeline,fiscal quarters end ~1 month after calendar (Jan FY); seasonal pre-holiday build,26,2020Q1,2026Q2,77.21
walmart_dio,Walmart inventory days (all categories),0 sell-out,inventory,days,dio:walmart,B,retailers (retail tier),Mechanism answer: the retail tier's disclosed inventory (disclosure table); context beside the Best Buy lag bound,general merchandise: weak proxy,26,2020Q1,2026Q2,40.5
target_dio,Target inventory days (all categories),0 sell-out,inventory,days,dio:target,B,retailers (retail tier),Mechanism answer: the retail tier's disclosed inventory (disclosure table); context beside the Best Buy lag bound,general merchandise: weak proxy,19,2021Q3,2026Q2,68.68
cdw_dio,CDW inventory days (IT reseller),1 distributor,inventory,days,dio:cdw,B,resellers (distributor -> reseller),step 5 lag bound (Ingram / TD Synnex -> resellers),ships largely from distributor stock: 2.4 weeks cut the assumed 2-4 week lag,26,2020Q1,2026Q2,17.06
gn_dio,GN peripherals inventory days (Audio 2021-23; continuing ops 2026),2 OEM,inventory,days,gndio:,B,days of inventory,step 5 lag bound (ODM -> GN); 5b timeline,2024-25 blank: group inventory mixes Hearing in (Hearing moved to assets held for sale in 2026),14,2021Q1,2026Q2,161.11
logi_rm_weeks,Logitech raw-material weeks (in-house plant),2 OEM,inventory,weeks,logirm:rm_weeks,A,inventory,step 5 (in-house wait: evidence for the Suzhou edges),XBRL stage split; ~1 week: chips are used quickly in-house,26,2020Q1,2026Q2,1.24
peer_guide_error,12 semiconductor peers' guide error (median across peers each quarter),4 FX and peers,guidance,%,peers:beat_pct,B,(not in the brief: Pipeline D peer panel),step 7e pooling prior and building-state effect (F16); steps 6d-6h,"actual vs guide mid per firm-quarter (peer_panel.csv + peer_history_panel.csv, exclusions dropped); the models use every firm-quarter",72,2008Q3,2026Q2,2.57
fx_dkk_per_usd,"DKK per USD, quarterly average (ECB reference rates)",4 FX and peers,price,DKK,file:pipelines/B_macro_industry/data/raw/fx_quarterly_ecb.csv:dkk_per_USD,A,(not in the brief: FX since each guide),"step 7 FX rule (F27): GN term applied; Logitech term computed, not applied","the file holds USD, EUR, DKK, GBP, CNY, JPY, AUD; Nordic reports in USD (no term)",31,2019Q1,2026Q3,6.49
