id,step,model,question,formula,role,walk_forward_performance
M1,1,Filing-confidence tests,How far can each company's quarterly figures be trusted?,sum of 4 quarters vs audited FY; original vs restated segment; reported vs adjusted margin,data grade (feeds every step),
M2,2,Attribution Monte Carlo (5 legs),What share of Nordic revenue runs through Logitech / GN?,"units x wireless share x radios per unit x Nordic socket share x Nordic ASP, capped by 'no customer >10%'; FCC census for the socket share",weights for signal adjustments,
M3,2b,Attribution time path,How did that share move over time?,the same legs per quarter; socket share by FCC design cohort (Wilson interval),driver weight in the lag models,
M4,3a,Inventory factors,"Who holds inventory, and is it a build or an overhang?","DIO, forward DIO, inventory-sales and stage spreads, DSO, purchases = COGS + dInventory",state for the channel call; two feed the composite,
M5,3b,Channel-inventory index,How far is the channel from target?,F_t = F_{t-4}(1+g_out) - gap_t x S_{t-4}; level pinned by management 'at target' statements,cross-check next to forecasts,
M6,3c,Bullwhip variance ratios,Which link amplifies?,"Var(orders upstream) / Var(demand), YoY growth, block bootstrap",diagnostic,
M7,3d,Ordering-rule regression,Why does the chain amplify?,"g_orders = g + c(g - g_{t-4}) - alpha' gap: pass-through, accelerator, stock-gap terms",diagnostic (only the elasticity is identified),
M8,3d,Reduced form (L3),Nordic consumer growth from Logitech end demand,nordic_consumer_yoy_t = a + b x logi_sellthrough_yoy_{t-2},"challenger at h=2, not used (Q4 point = GRi, F26)","h1: RMSE USD 20.7m, 3.93× benchmark (n=10); h2: RMSE USD 28.0m, 0.59× benchmark (n=9)"
M9,3e,Channel call,What does the channel position mean for each print?,refill weeks x weekly sell-in x refill share x supply; safety-stock weeks x weekly revenue x distribution share; GN sell-out - gap,cross-check next to forecasts,
M10,4,Reasoned lag + cross-correlation,How many quarters from sell-out to Nordic revenue?,sum of weeks per tier (prior); correlation at lags 0-4; turning points,prior for every lag model,
M11,6a,Ridge distributed-lag (L6),Nordic consumer growth from Logitech radio categories,ridge: y_t on x_{t-1..t-3} + distributor state_{t-1},retired for the guided quarter (loses to guidance),"h1: RMSE USD 20.3m, 5.90× benchmark (n=6); h2: RMSE USD 27.8m, 0.61× benchmark (n=5)"
M12,6a,"L6, share-weighted (L6tv)","Same, driver weighted by step 2's path",as M11 with x x share_t / share_latest,"challenger at h=2, not used (Q4 point = GRi, F26)","h1: RMSE USD 17.6m, 5.10× benchmark (n=6); h2: RMSE USD 24.4m, 0.54× benchmark (n=5)"
M13,6a,L6 as first built (leak),—,distributor state of the target quarter (not known on the forecast date),retired: look-ahead,"h1: RMSE USD 16.3m, 4.72× benchmark (n=6)"
M14,6b,Guidance midpoint (G),Benchmark,revenue_t = guide midpoint_t,benchmark,"h1: RMSE USD 8.3m, 1.12× benchmark (n=14); h2: RMSE USD 42.6m, 0.97× benchmark (n=14)"
M15,6b,Guidance + real-time beat (GB),Benchmark used before 6c,guide_t x (1 + mean beat of the last 4 quarters),benchmark (the h=1/h=2 ratio base),h1: RMSE USD 7.4m (n=14); h2: RMSE USD 44.1m (n=14)
M16,6b,Naive growth (N),Benchmark,consumer YoY_t = consumer YoY_{t-h},benchmark,"h1: RMSE USD 17.7m, 2.38× benchmark (n=14); h2: RMSE USD 40.9m, 0.93× benchmark (n=14)"
M17,6c,Composite channel factor (equal weights),"Will Nordic beat its guide, and by how much?","beat_t = a + b x mean_k(sign_k x z_k,t), z point in time","challenger, pre-registered (gate passed; not in the forecast by analyst decision B26: fails the peer panel, R5)","beat RMSE 3.35 pts vs benchmark 4.66 (OOS R² +0.48, n=11)"
M18,6c,Ridge on the same factors,Challenger to M17,"beat_t = ridge(signed z_k,t)","challenger, pre-registered","beat RMSE 2.48 pts vs benchmark 4.66 (OOS R² +0.72, n=11)"
M19,6c,OLS on the same factors,Over-fitting check,"beat_t = OLS(signed z_k,t)",diagnostic,"beat RMSE 2.99 pts vs benchmark 4.66 (OOS R² +0.59, n=11)"
M20,7,Nordic Q3 2026 forecast,The print,"guide mid x (1 + own mean miss when t-1 was neither building nor shortage [+ own building / shortage effects]) + graph-propagated incident (F21) + 0 x chain; band ±1.28 x sqrt(s²+s²/n) x guide mid (F20, F30)",FORECAST,guide-error RMSE 5.31 pts (n=14)
M21,7,Logitech Q2 FY27 forecast,The print,guide mid x (1 + habit pooled with 12 peers + peers' building effect) (F16); chain weight 0 (F29); band ±1.28 x predictive sd,FORECAST,
M22,7,GN Q3 2026 forecast,The print,"FY guide mid + own mean August-guide miss -> H2 from reported H1 -> Q3 2025 x (1+H2) x (1+FX from ECB rates) (F17, F23, F27); EBITA = FY guide + mean August error, 2025 Q3 share of H2 (F23)",FORECAST,
M23,6d,"Peer panel (12 semiconductor peers, 2011-2026; 2008-10 added in 6f)",Does the composite's mechanism hold across companies and cycles?,"beat_it = firm mean beat + b1 z(own forward DIO) + b2 z(Microchip distributor-days change), pooled walk-forward, SE clustered by quarter; peers only, applied to Nordic",external validation (failed: R5),
M24,6e,Meta-regression of peer slopes,Does a firm's channel slope depend on how Nordic-like it is?,"b_i = g0 + g1 x distribution share_i, WLS weights 1/(se_i^2 + tau_resid^2); Nordic predicted, never fitted",test (distribution share explains nothing),
M25,6f,Slope by cycle window,Is Nordic's slope a property of Nordic or of the 2023 cycle?,"beat - firm mean = b x (Microchip days change t-1 / sd), per window 2008-10 / 2011-19 / 2020-26 / Nordic's window; quarter-level se scaled for autocorrelation",test (one turn: R6),
M26,6g,Relative guidance optimism (peer panel + Nordic),Does a guide set above the peers' predict a miss?,"beat_it - firm past mean = b x (guided q/q_it - median_{j!=i} guided q/q_jt); pooled walk-forward, SE clustered by quarter",test (no: K3),
M27,6h,Revenue one quarter past the guide (peer panel),Does the channel factor forecast revenue beyond the guided quarter?,"g2 = actual(t+1)/guide(t) - 1 = seasonal mean g2 + b x channel factor(t-1); walk-forward, train on rows <= T-2","test (small, turn-dependent gain: K4)",
M28,5,Supply graph lag kernel (GR),"How does end demand reach Nordic, route by route, and does the structure forecast better than one lag?","R(t) = sum_paths w_p D(t - L_p/13), w_p = brand share x product of edge shares (10-K, point in time), L_p = summed edge lags; Nordic consumer YoY = a + b R","pre-registered Q4 challenger (point until F26); identical to L3 at h=2, so the graph adds structure, not accuracy","h1: RMSE USD 21.1m, 4.00× benchmark (n=10); h2: RMSE USD 28.0m, 0.59× benchmark (n=9)"
M29,6c-g,Composite with the supply-graph factor,Does the graph's route-weighted timing predict Nordic's guidance miss better than one Logitech lag?,as M17 with Logitech sell-through acceleration replaced by the change in sum_k kernel_k x sell-out_{t-k} (step-5 graph as known on the forecast date; lags < 1 quarter on t-1),"challenger, pre-registered (added after the factor search stopped, B44; never adopted on its back-test)","beat RMSE 3.38 pts vs benchmark 4.66 (OOS R² +0.47, n=11)"
M30,6,Graph + Logitech's guide (GRg),"If the demand quarter not yet reported is filled with Logitech's own guide instead of persistence, do the graph's lags improve the forecast one quarter past Nordic's guide?","as GR at h=2, with D(t-1) = Logitech guided sales YoY (guide mid / sales t-5) + latest sell-through gap; lags 0-1 read it, lags >= 2 read reported data",sensitivity only (F24): not used; GR with Logitech's own guide for the unreported quarter,"h2: RMSE USD 28.4m, 0.60× benchmark (n=9)"
M31,7,"Nordic Q4 2026 forecast (graph-driven, h=2)","What will Nordic report for the quarter after the guided one, and how much do the graph's lags matter?","point = GRi live at h=2 (F26: Logitech sell-in through the Nordic -> ODM -> Logitech segment, unreported quarter = our bias-corrected sell-in forecast); band = point +/- sqrt((1.28 x h=2 RMSE)^2 + (half the graph low/high scenario spread)^2); GR, CH, CYC pre-registered challengers; G, GB, GRg alongside",forecast one quarter past the guide (outputs/forecast_next_quarter.csv),"GRi h2: RMSE USD 25.4m, 0.54× benchmark (n=9); GR (challenger) h2: RMSE USD 28.0m, 0.59× benchmark (n=9)"
M32,7,"Chain as reasoned (CH), Nordic","If every coefficient comes from a decision (attribution share, step-3 multiplier, graph lag kernel, regime) and nothing is fitted, does the chain add to Nordic's guide?","total = guide + s_t x [rev(t-4) x (1 + m x kernel-weighted sell-out YoY) - guide]; weight = encompassing beta (t >= 2, capped [0,1])",step 7c term in the Nordic Q3 forecast (weight 0 at h=1) and Q4 challenger,"h1: RMSE USD 12.7m, 1.72× benchmark (n=14); weight 0.00; h2: RMSE USD 38.4m, 0.87× benchmark (n=14); weight 1.00"
M33,7,Tier identity (Logitech),Does sell-in = sell-through + change in channel inventory (channel at target) predict Logitech's quarter beyond its guide?,sales_t = sales_(t-4) x (1 + sell-through YoY_(t-1)); weight = inverse-MSE vs guide-anchored,shown beside the Logitech forecast with weight 0 (F29: guide method only at h1; the inverse-MSE weight is a diagnostic scenario),"h1: RMSE USD 22.8m, 1.81× benchmark (n=5); weight 0.00"
M34,7,GN channel read-across,Do GN's segments move with the peers that share its channels (Logitech Gaming; TD Synnex Endpoint) in the same quarter?,"corr(GN Gaming organic, Logitech Gaming YoY); corr(GN Enterprise organic, TD Synnex Endpoint YoY); used only if >= 0.5",tested and rejected (steps/step7_forecast/outputs/chain_gn_readacross.csv),
M35,5,"Industry-cycle regression (CYC), Nordic Q4 challenger",Does an industry-cycle series (US electronics-store sales) time Nordic's consumer cycle one quarter past the guide better than the graph (GR)?,"Nordic consumer YoY(t) = a + b x US electronics-store sales YoY(t-2), through step 6's h=2 forecast_row; WSTS rejected as primary before scoring (AI / memory composition break)","pre-registered Q4 challenger, not in the forecast (step 5g, G29; adoption bar not met; scored with W15)","h2: RMSE USD 38.8m vs GR 28.0m (n=9, DM t +1.6); adoption bar not met"
M36,7f,"Logitech supply-side nowcast (ODM monthly revenue), Logitech challenger",Do Logitech's ODMs' same-quarter revenues (known before Logitech reports) predict its miss vs the guide?,"beat_t = a + b x (Merry + Chicony revenue YoY over the known months - guide-implied Logitech YoY), OLS walk-forward on earlier guided quarters","challenger, pre-registered (logitech_odm_prereg_log.csv); never adopted on its back-test (n <= 8)",
M37,7e,"Nordic guide error pooled with the peers (F16), Nordic challenger",Does Nordic's habit shrunk toward the 12 peers' forecast its guide miss better than its own record?,"e = w x own mean + (1 - w) x peers' mean (partial pooling, DerSimonian-Laird) + peers' building effect x building(t-1); Nordic Q3 = guide mid x (1 + e) + the same named lines","pre-registered challenger, scored 22 Oct (challenger_prereg_log.csv; the point until F20)","guide-error RMSE 5.05 pts vs 5.31 for the rule used (F20, F30) (n=14)"
M38,7e,"Nordic own record, rule before F30, Nordic challenger",Does splitting the lean channel into supply shortage and caution (F30) change Nordic's expected miss?,as M20 with the supply-shortage quarters counted as lean: habit = own mean miss when t-1 was not building [+ own building effect],"pre-registered challenger, scored 22 Oct (challenger_prereg_log.csv)","guide-error RMSE 5.20 pts vs 5.31 for the rule used (F20, F30) (n=14)"
M39,7e,"Nordic own record with its own words as the state (D25), Nordic challenger",Does Nordic's own description of its distributors' stock set the channel state better than the Microchip proxy?,as M20 with the state of t-1 read from Nordic's report of t-1: excess (destocking) / shortage (D24 evidence) / base,"pre-registered challenger, scored 22 Oct (F31); not adopted: its words come with the guide, the information the guide is least likely to miss","guide-error RMSE 5.66 pts vs 5.31 for the rule used (F20, F30) (n=14)"
