print,scenario,point,low,high,vs_base,decision,what_moves,source
Nordic Q3 2026,base,238.0,224.6,251.3,0.0,all,"guide x (1 + 4.24%) + chain terms (7c) + incident (5d); expected error = own record by channel state (F20, F30): +4.24% when neither building nor short of supply (n 7), -7.39 pts when building (n 7), -2.32 pts in a supply shortage (n 7); state now 'lean' (+0.00); the shortage split was adopted after seeing the data and its walk-forward does not beat the rule before it",outputs/forecasts.csv
Nordic Q3 2026,distributors turn to building (channel state),221.0,,,-17.0,Mechanism,Nordic's own building effect -7.39 pts (n 7); peers' -1.64 (t -4.4),steps/step7_forecast/outputs/guide_error_model.csv
Nordic Q3 2026,supply shortage (D24: lead time > 26 weeks),232.7,,,-5.3,Mechanism,Nordic's own shortage effect -2.32 pts (n 7) on its base habit +4.24%; same incident term,steps/step7_forecast/outputs/guide_error_model.csv
Nordic Q3 2026,F16 pooled with peers (pre-registered challenger),232.6,,,-5.4,Limitations,"expected error +1.91% (habit pooled, own weight 23%) instead of +4.24%",steps/step7_forecast/outputs/challenger_prereg_log.csv
Nordic Q3 2026,rule before F30: supply-shortage quarters counted as lean (pre-registered challenger),235.3,,,-2.7,Structural breaks,expected error +3.08% (14 not-building quarters incl. the 2020Q4-22Q3 shortage) instead of +4.24%,steps/step7_forecast/outputs/challenger_prereg_log.csv
Nordic Q3 2026,"state from Nordic's own words (F31, pre-registered)",237.0,,,-1.0,Structural breaks,expected error +3.80% (state 'base' from Nordic's words) instead of +4.24%,steps/step7_forecast/outputs/challenger_prereg_log.csv
Nordic Q3 2026,"rule before F20 (F14): Nordic's own normal-regime beat, unpooled",236.2,,,-1.8,Structural breaks,"beat +3.47% (regime dated after the fact, F14) instead of +4.24%",steps/step6_backtest/outputs/guidance_bias.csv
Nordic Q3 2026,small customers pull in beyond the guide (+1.0; F19 keeps the line at 0),239.0,,,1.0,Mechanism,"sign grade C (CEO, Q2 2026 call: 'some safety stockings for some additional weeks'); size grade D (F19)",pipelines/A_company_financials/data/manual/nordic_2026Q2.txt
Nordic Q3 2026,supplier incident not in Nordic's guide (net -> gross),232.7,,,-5.3,Lag + Attribution,share of the incident already in the 6 Aug guide 75% -> 0% (gross -7.1),steps/step7_forecast/outputs/chain_terms.csv
Nordic Q3 2026,supplier incident all in Nordic's guide (net -> 0),239.8,,,1.8,Lag + Attribution,share in the 6 Aug guide 75% -> 100% (grade D judgment); range of the line 0 to -7.1,steps/step7_forecast/outputs/chain_terms.csv
Nordic Q3 2026,distributors restock at step 3's high,252.6,,,14.6,Mechanism,"channel refill +14.6 instead of the +0.0 line (extra distributor weeks (0.0, 0.5, 1.5) x USD 17.7m/wk x distribution share (0.42, 0.47, 0.55))",steps/step3_inventory_mechanism/outputs/channel_call.csv
Nordic Q4 2026,"base: supply graph (GRi, h=2)",208.9,176.2,241.6,0.0,Lag,point (F26): Logitech sell-in through the Nordic -> ODM -> Logitech segment; unreported quarter = our bias-corrected sell-in forecast; walk-forward error 0.54x the guide-based extrapolation (n 9),outputs/forecast_next_quarter.csv
Nordic Q4 2026,graph lags and shares at their low end (GRi),208.0,,,-0.9,Lag + Attribution,every edge lag and share at the end of its grade-based range,outputs/forecast_next_quarter.csv
Nordic Q4 2026,graph lags and shares at their high end (GRi),213.7,,,4.8,Lag + Attribution,every edge lag and share at the end of its grade-based range,outputs/forecast_next_quarter.csv
Nordic Q4 2026,"previous rule: GR (sell-through proxy, whole graph, persistence fill; F24)",222.4,186.5,258.4,13.5,Limitations,pre-registered challenger since F26; walk-forward error 0.59x (n 9); its gap to GRi is the sell-through vs sell-in driver and the fill,outputs/forecast_next_quarter.csv; steps/step7_forecast/outputs/q4_prereg_log.csv
Nordic Q4 2026,Q3 restock (step 3 high) pays back in Q4,194.3,,,-14.6,Mechanism,the 14.6 refill reverses one quarter later (step 3 dates the payback to H1 2027; Q4 is the earliest case),steps/step3_inventory_mechanism/outputs/channel_call.csv
Logitech Q2 FY27,base,1226.3,1172.9,1279.6,0.0,all,guide x beat + 0.00 x (chain - guide-anchored); guide only at h1 (F29); inverse-MSE weight shown as a diagnostic (5 explicitly guided quarters),outputs/forecasts.csv
Logitech Q2 FY27,chain at its inverse-MSE weight (diagnostic since F29),1248.2,,,21.9,Limitations,weight 0.23 instead of 0.00 (n 5),steps/step7_forecast/outputs/chain_terms.csv; pipelines/A_company_financials/data/raw/logitech_implied_quarter_guides.csv
Logitech Q2 FY27,chain weight incl. implied guides at the 2023-25 turns,1271.2,,,44.9,Limitations,weight 0.48 instead of 0.00 (n 8),steps/step7_forecast/outputs/chain_terms.csv; pipelines/A_company_financials/data/raw/logitech_implied_quarter_guides.csv
GN cont. ops Q3 2026,base,2247.0,2023.0,2471.0,0.0,all,"FY guide mid +1.5% + expected guide error -3.3 pts (plain mean of its own August-guide misses, n 5; F17, F23) + FX +1.5 pts at ECB rates (F27)",outputs/forecast_details.json (gn.guidance_anchor)
GN cont. ops Q3 2026,bias: no bias (guide as given),2389.0,,,142.0,Limitations,H2 organic +6.5% instead of +0.1%,outputs/forecast_details.json
GN cont. ops Q3 2026,bias: pooled with the semiconductor peers' habit,2476.0,,,229.0,Limitations,H2 organic +10.4% instead of +0.1%,outputs/forecast_details.json
GN cont. ops Q3 2026,"division view (Enterprise / Gaming organic, config)",2348.0,,,101.0,Mechanism,management's divisional H2 language; Enterprise distributor drain ends,config/model.yaml forecast.gn_2026Q3
GN cont. ops Q3 2026 adj. EBITA margin (%),point: Q3 share of H2 EBITA as in 2025,13.5,9.3,17.8,0.0,all,Q3 share 45% (the one continuing-ops year),outputs/forecast_details.json (gn.ebita_margin_model)
GN cont. ops Q3 2026 adj. EBITA margin (%),Q3 share at its 2021-25 mean,14.9,,,1.4,Limitations,Q3 share 49% (2021-23 GN Audio incl. Consumer: a different perimeter; F23),pipelines/A_company_financials/data/raw/gn_quarterly.csv
